Using pre-set license
Built from '6000.0/staging' branch; Version is '6000.0.32f1 (b2e806cf271c) revision 11724806'; Using compiler version '193933523'; Build Type 'Release'
OS: 'Windows 10  (10.0.19045) 64bit Core' Language: 'en' Physical Memory: 32720 MB
BatchMode: 1, IsHumanControllingUs: 0, StartBugReporterOnCrash: 0, Is64bit: 1, IsPro: 1

COMMAND LINE ARGUMENTS:
F:\unity\6000.0.32f1\Editor\Unity.exe
-adb2
-batchMode
-noUpm
-name
AssetImportWorker4
-projectPath
G:/WORKREPO/StreakRepo/Repo/STREAK
-logFile
Logs/AssetImportWorker4.log
-srvPort
63110
-job-worker-count
11
-background-job-worker-count
8
-gc-helper-count
1
Successfully changed project path to: G:/WORKREPO/StreakRepo/Repo/STREAK
G:/WORKREPO/StreakRepo/Repo/STREAK
[UnityMemory] Configuration Parameters - Can be set up in boot.config
    "memorysetup-bucket-allocator-granularity=16"
    "memorysetup-bucket-allocator-bucket-count=8"
    "memorysetup-bucket-allocator-block-size=33554432"
    "memorysetup-bucket-allocator-block-count=8"
    "memorysetup-main-allocator-block-size=16777216"
    "memorysetup-thread-allocator-block-size=16777216"
    "memorysetup-gfx-main-allocator-block-size=16777216"
    "memorysetup-gfx-thread-allocator-block-size=16777216"
    "memorysetup-cache-allocator-block-size=4194304"
    "memorysetup-typetree-allocator-block-size=2097152"
    "memorysetup-profiler-bucket-allocator-granularity=16"
    "memorysetup-profiler-bucket-allocator-bucket-count=8"
    "memorysetup-profiler-bucket-allocator-block-size=33554432"
    "memorysetup-profiler-bucket-allocator-block-count=8"
    "memorysetup-profiler-allocator-block-size=16777216"
    "memorysetup-profiler-editor-allocator-block-size=1048576"
    "memorysetup-temp-allocator-size-main=16777216"
    "memorysetup-job-temp-allocator-block-size=2097152"
    "memorysetup-job-temp-allocator-block-size-background=1048576"
    "memorysetup-job-temp-allocator-reduction-small-platforms=262144"
    "memorysetup-allocator-temp-initial-block-size-main=262144"
    "memorysetup-allocator-temp-initial-block-size-worker=262144"
    "memorysetup-temp-allocator-size-background-worker=32768"
    "memorysetup-temp-allocator-size-job-worker=262144"
    "memorysetup-temp-allocator-size-preload-manager=33554432"
    "memorysetup-temp-allocator-size-nav-mesh-worker=65536"
    "memorysetup-temp-allocator-size-audio-worker=65536"
    "memorysetup-temp-allocator-size-cloud-worker=32768"
    "memorysetup-temp-allocator-size-gi-baking-worker=262144"
    "memorysetup-temp-allocator-size-gi-baking-worker=262144"
    "memorysetup-temp-allocator-size-gi-baking-worker=262144"
    "memorysetup-temp-allocator-size-gi-baking-worker=262144"
    "memorysetup-temp-allocator-size-gi-baking-worker=262144"
    "memorysetup-temp-allocator-size-gfx=262144"
Player connection [48752]  Target information:

Player connection [48752]  * "[IP] 192.168.56.1 [Port] 0 [Flags] 2 [Guid] 3859746780 [EditorId] 3859746780 [Version] 1048832 [Id] WindowsEditor(7,DESKTOP-7MIUTJP) [Debug] 1 [PackageName] WindowsEditor [ProjectName] Editor" 

Player connection [48752]  * "[IP] 192.168.50.160 [Port] 0 [Flags] 2 [Guid] 3859746780 [EditorId] 3859746780 [Version] 1048832 [Id] WindowsEditor(7,DESKTOP-7MIUTJP) [Debug] 1 [PackageName] WindowsEditor [ProjectName] Editor" 

Player connection [48752] Host joined multi-casting on [225.0.0.222:54997]...
Player connection [48752] Host joined alternative multi-casting on [225.0.0.222:34997]...
JobSystem: Creating JobQueue using job-worker-count value 11
[Physics::Module] Initialized fallback backend.
[Physics::Module] Id: 0xdecafbad
Library Redirect Path: Library/
[Physics::Module] Selected backend.
[Physics::Module] Name: PhysX
[Physics::Module] Id: 0xf2b8ea05
[Physics::Module] SDK Version: 4.1.2
[Physics::Module] Integration Version: 1.0.0
[Physics::Module] Threading Mode: Multi-Threaded
Refreshing native plugins compatible for Editor in 7.64 ms, found 4 plugins.
Preloading 0 native plugins for Editor in 0.00 ms.
Initialize engine version: 6000.0.32f1 (b2e806cf271c)
[Subsystems] Discovering subsystems at path F:/unity/6000.0.32f1/Editor/Data/Resources/UnitySubsystems
[Subsystems] Discovering subsystems at path G:/WORKREPO/StreakRepo/Repo/STREAK/Assets
GfxDevice: creating device client; kGfxThreadingModeNonThreaded
Direct3D:
    Version:  Direct3D 11.0 [level 11.1]
    Renderer: NVIDIA GeForce RTX 3060 (ID=0x2504)
    Vendor:   NVIDIA
    VRAM:     12115 MB
    Driver:   32.0.15.7283
Initialize mono
Mono path[0] = 'F:/unity/6000.0.32f1/Editor/Data/Managed'
Mono path[1] = 'F:/unity/6000.0.32f1/Editor/Data/MonoBleedingEdge/lib/mono/unityjit-win32'
Mono config path = 'F:/unity/6000.0.32f1/Editor/Data/MonoBleedingEdge/etc'
Using monoOptions --debugger-agent=transport=dt_socket,embedding=1,server=y,suspend=n,address=127.0.0.1:56964
Begin MonoManager ReloadAssembly
Registering precompiled unity dll's ...
Register platform support module: F:/unity/6000.0.32f1/Editor/Data/PlaybackEngines/WindowsStandaloneSupport/UnityEditor.WindowsStandalone.Extensions.dll
Register platform support module: F:/unity/6000.0.32f1/Editor/Data/PlaybackEngines/MetroSupport/UnityEditor.UWP.Extensions.dll
Register platform support module: F:/unity/6000.0.32f1/Editor/Data/PlaybackEngines/AndroidPlayer/UnityEditor.Android.Extensions.dll
Registered in 0.009275 seconds.
- Loaded All Assemblies, in  0.823 seconds
Native extension for Android target not found
Android Extension - Scanning For ADB Devices 576 ms
Native extension for UWP target not found
Native extension for WindowsStandalone target not found
Mono: successfully reloaded assembly
- Finished resetting the current domain, in  1.337 seconds
Domain Reload Profiling: 2158ms
	BeginReloadAssembly (270ms)
		ExecutionOrderSort (0ms)
		DisableScriptedObjects (0ms)
		BackupInstance (0ms)
		ReleaseScriptingObjects (0ms)
		CreateAndSetChildDomain (1ms)
	RebuildCommonClasses (73ms)
	RebuildNativeTypeToScriptingClass (26ms)
	initialDomainReloadingComplete (102ms)
	LoadAllAssembliesAndSetupDomain (350ms)
		LoadAssemblies (270ms)
		RebuildTransferFunctionScriptingTraits (0ms)
		AnalyzeDomain (342ms)
			TypeCache.Refresh (339ms)
				TypeCache.ScanAssembly (313ms)
			BuildScriptInfoCaches (0ms)
			ResolveRequiredComponents (1ms)
	FinalizeReload (1337ms)
		ReleaseScriptCaches (0ms)
		RebuildScriptCaches (0ms)
		SetupLoadedEditorAssemblies (1258ms)
			LogAssemblyErrors (0ms)
			InitializePlatformSupportModulesInManaged (784ms)
			SetLoadedEditorAssemblies (6ms)
			BeforeProcessingInitializeOnLoad (104ms)
			ProcessInitializeOnLoadAttributes (237ms)
			ProcessInitializeOnLoadMethodAttributes (127ms)
			AfterProcessingInitializeOnLoad (0ms)
			EditorAssembliesLoaded (0ms)
		ExecutionOrderSort2 (0ms)
		AwakeInstancesAfterBackupRestoration (0ms)
========================================================================
Worker process is ready to serve import requests
Import Worker Mode flag is 0x00
Begin MonoManager ReloadAssembly
- Loaded All Assemblies, in  1.423 seconds
Refreshing native plugins compatible for Editor in 4.23 ms, found 4 plugins.
Native extension for Android target not found
Native extension for UWP target not found
Native extension for WindowsStandalone target not found
Mono: successfully reloaded assembly
- Finished resetting the current domain, in  1.277 seconds
Domain Reload Profiling: 2697ms
	BeginReloadAssembly (360ms)
		ExecutionOrderSort (0ms)
		DisableScriptedObjects (13ms)
		BackupInstance (0ms)
		ReleaseScriptingObjects (0ms)
		CreateAndSetChildDomain (49ms)
	RebuildCommonClasses (70ms)
	RebuildNativeTypeToScriptingClass (25ms)
	initialDomainReloadingComplete (65ms)
	LoadAllAssembliesAndSetupDomain (899ms)
		LoadAssemblies (726ms)
		RebuildTransferFunctionScriptingTraits (0ms)
		AnalyzeDomain (405ms)
			TypeCache.Refresh (296ms)
				TypeCache.ScanAssembly (265ms)
			BuildScriptInfoCaches (94ms)
			ResolveRequiredComponents (12ms)
	FinalizeReload (1277ms)
		ReleaseScriptCaches (0ms)
		RebuildScriptCaches (0ms)
		SetupLoadedEditorAssemblies (1006ms)
			LogAssemblyErrors (0ms)
			InitializePlatformSupportModulesInManaged (29ms)
			SetLoadedEditorAssemblies (9ms)
			BeforeProcessingInitializeOnLoad (220ms)
			ProcessInitializeOnLoadAttributes (677ms)
			ProcessInitializeOnLoadMethodAttributes (67ms)
			AfterProcessingInitializeOnLoad (3ms)
			EditorAssembliesLoaded (0ms)
		ExecutionOrderSort2 (0ms)
		AwakeInstancesAfterBackupRestoration (11ms)
Launched and connected shader compiler UnityShaderCompiler.exe after 0.02 seconds
Refreshing native plugins compatible for Editor in 7.45 ms, found 4 plugins.
Preloading 0 native plugins for Editor in 0.00 ms.
Unloading 27 Unused Serialized files (Serialized files now loaded: 0)
Unloading 4358 unused Assets / (1.3 MB). Loaded Objects now: 4866.
Memory consumption went from 94.3 MB to 93.0 MB.
Total: 15.793400 ms (FindLiveObjects: 0.938500 ms CreateObjectMapping: 0.768700 ms MarkObjects: 10.494100 ms  DeleteObjects: 3.590100 ms)

========================================================================
Received Import Request.
  Time since last request: 86872.702463 seconds.
  path: Assets/Prefabs/Enviroment/HorizontalBarrier5_0.prefab
  artifactKey: Guid(8499a30cc1236ed4fbcdf724f7ffa60c) Importer(815301076,1909f56bfc062723c751e8b465ee728b)
Start importing Assets/Prefabs/Enviroment/HorizontalBarrier5_0.prefab using Guid(8499a30cc1236ed4fbcdf724f7ffa60c) Importer(815301076,1909f56bfc062723c751e8b465ee728b) (PreviewImporter) -> (artifact id: '2f4841d9295da4afe99a61820f8af9e9') in 0.2366195 seconds
Number of updated asset objects reloaded before import = 0Number of asset objects unloaded after import = 73

========================================================================
Received Import Request.
  Time since last request: 5.859318 seconds.
  path: Assets/Prefabs/Enviroment/HorizontalBarrier_blue.prefab
  artifactKey: Guid(ed4381e4e935c90418ef425eb0a648d1) Importer(815301076,1909f56bfc062723c751e8b465ee728b)
Start importing Assets/Prefabs/Enviroment/HorizontalBarrier_blue.prefab using Guid(ed4381e4e935c90418ef425eb0a648d1) Importer(815301076,1909f56bfc062723c751e8b465ee728b) (PreviewImporter) -> (artifact id: '260df0dbf8a424e5ef9b578600d36cc6') in 0.0232329 seconds
Number of updated asset objects reloaded before import = 0Number of asset objects unloaded after import = 73

========================================================================
Received Import Request.
  Time since last request: 0.000024 seconds.
  path: Assets/Prefabs/Enviroment/HorizontalBarrier5_0.prefab
  artifactKey: Guid(8499a30cc1236ed4fbcdf724f7ffa60c) Importer(815301076,1909f56bfc062723c751e8b465ee728b)
Start importing Assets/Prefabs/Enviroment/HorizontalBarrier5_0.prefab using Guid(8499a30cc1236ed4fbcdf724f7ffa60c) Importer(815301076,1909f56bfc062723c751e8b465ee728b) (PreviewImporter) -> (artifact id: '81f7ce5bd140548442ec3d86c12776e5') in 0.0230486 seconds
Number of updated asset objects reloaded before import = 0Number of asset objects unloaded after import = 73

========================================================================
Received Import Request.
  Time since last request: 0.000029 seconds.
  path: Assets/Prefabs/Enviroment/VerticalBarrier4_0.prefab
  artifactKey: Guid(7475bf14dd93a49459f9815aca8a1ddf) Importer(815301076,1909f56bfc062723c751e8b465ee728b)
Start importing Assets/Prefabs/Enviroment/VerticalBarrier4_0.prefab using Guid(7475bf14dd93a49459f9815aca8a1ddf) Importer(815301076,1909f56bfc062723c751e8b465ee728b) (PreviewImporter) -> (artifact id: '89062dc238e33f0f7c9bceecb00f9b3e') in 0.0283078 seconds
Number of updated asset objects reloaded before import = 0Number of asset objects unloaded after import = 73

========================================================================
Received Import Request.
  Time since last request: 1.987206 seconds.
  path: Assets/Prefabs/Enviroment/HorizontalBarrier_blue.prefab
  artifactKey: Guid(ed4381e4e935c90418ef425eb0a648d1) Importer(815301076,1909f56bfc062723c751e8b465ee728b)
Start importing Assets/Prefabs/Enviroment/HorizontalBarrier_blue.prefab using Guid(ed4381e4e935c90418ef425eb0a648d1) Importer(815301076,1909f56bfc062723c751e8b465ee728b) (PreviewImporter) -> (artifact id: 'b7ee158cabab11db0e168a96166fc754') in 0.0254421 seconds
Number of updated asset objects reloaded before import = 0Number of asset objects unloaded after import = 73

========================================================================
Received Import Request.
  Time since last request: 0.000030 seconds.
  path: Assets/Prefabs/Enviroment/HorizontalBarrier5_0.prefab
  artifactKey: Guid(8499a30cc1236ed4fbcdf724f7ffa60c) Importer(815301076,1909f56bfc062723c751e8b465ee728b)
Start importing Assets/Prefabs/Enviroment/HorizontalBarrier5_0.prefab using Guid(8499a30cc1236ed4fbcdf724f7ffa60c) Importer(815301076,1909f56bfc062723c751e8b465ee728b) (PreviewImporter) -> (artifact id: '85c2f06e3bdb419e91f7178caad2ff52') in 0.0265504 seconds
Number of updated asset objects reloaded before import = 0Number of asset objects unloaded after import = 73

========================================================================
Received Import Request.
  Time since last request: 0.000028 seconds.
  path: Assets/Prefabs/Enviroment/VerticalBarrier4_0.prefab
  artifactKey: Guid(7475bf14dd93a49459f9815aca8a1ddf) Importer(815301076,1909f56bfc062723c751e8b465ee728b)
Start importing Assets/Prefabs/Enviroment/VerticalBarrier4_0.prefab using Guid(7475bf14dd93a49459f9815aca8a1ddf) Importer(815301076,1909f56bfc062723c751e8b465ee728b) (PreviewImporter) -> (artifact id: '39f218378b31dd0a7a22319329edf783') in 0.0275719 seconds
Number of updated asset objects reloaded before import = 0Number of asset objects unloaded after import = 73

========================================================================
Received Import Request.
  Time since last request: 0.726207 seconds.
  path: Assets/Prefabs/Enviroment/HorizontalBarrier_blue.prefab
  artifactKey: Guid(ed4381e4e935c90418ef425eb0a648d1) Importer(815301076,1909f56bfc062723c751e8b465ee728b)
Start importing Assets/Prefabs/Enviroment/HorizontalBarrier_blue.prefab using Guid(ed4381e4e935c90418ef425eb0a648d1) Importer(815301076,1909f56bfc062723c751e8b465ee728b) (PreviewImporter) -> (artifact id: '11775f784885b4dc95979e2e80a8e6c5') in 0.0245311 seconds
Number of updated asset objects reloaded before import = 0Number of asset objects unloaded after import = 73

========================================================================
Received Import Request.
  Time since last request: 0.000028 seconds.
  path: Assets/Prefabs/Enviroment/HorizontalBarrier5_0.prefab
  artifactKey: Guid(8499a30cc1236ed4fbcdf724f7ffa60c) Importer(815301076,1909f56bfc062723c751e8b465ee728b)
Start importing Assets/Prefabs/Enviroment/HorizontalBarrier5_0.prefab using Guid(8499a30cc1236ed4fbcdf724f7ffa60c) Importer(815301076,1909f56bfc062723c751e8b465ee728b) (PreviewImporter) -> (artifact id: '3781b6dbb3a6ee97b03571fc4a819e31') in 0.0243003 seconds
Number of updated asset objects reloaded before import = 0Number of asset objects unloaded after import = 73

========================================================================
Received Import Request.
  Time since last request: 0.000026 seconds.
  path: Assets/Prefabs/Enviroment/VerticalBarrier4_0.prefab
  artifactKey: Guid(7475bf14dd93a49459f9815aca8a1ddf) Importer(815301076,1909f56bfc062723c751e8b465ee728b)
Start importing Assets/Prefabs/Enviroment/VerticalBarrier4_0.prefab using Guid(7475bf14dd93a49459f9815aca8a1ddf) Importer(815301076,1909f56bfc062723c751e8b465ee728b) (PreviewImporter) -> (artifact id: '5a39ebbbf027f9df0345dc2ca99e4142') in 0.023872 seconds
Number of updated asset objects reloaded before import = 0Number of asset objects unloaded after import = 73

========================================================================
Received Prepare
Begin MonoManager ReloadAssembly
- Loaded All Assemblies, in  1.445 seconds
Refreshing native plugins compatible for Editor in 4.19 ms, found 4 plugins.
Native extension for Android target not found
Native extension for UWP target not found
Native extension for WindowsStandalone target not found
Mono: successfully reloaded assembly
- Finished resetting the current domain, in  1.322 seconds
Domain Reload Profiling: 2768ms
	BeginReloadAssembly (424ms)
		ExecutionOrderSort (0ms)
		DisableScriptedObjects (28ms)
		BackupInstance (0ms)
		ReleaseScriptingObjects (0ms)
		CreateAndSetChildDomain (88ms)
	RebuildCommonClasses (94ms)
	RebuildNativeTypeToScriptingClass (34ms)
	initialDomainReloadingComplete (58ms)
	LoadAllAssembliesAndSetupDomain (836ms)
		LoadAssemblies (722ms)
		RebuildTransferFunctionScriptingTraits (0ms)
		AnalyzeDomain (359ms)
			TypeCache.Refresh (11ms)
				TypeCache.ScanAssembly (0ms)
			BuildScriptInfoCaches (329ms)
			ResolveRequiredComponents (14ms)
	FinalizeReload (1322ms)
		ReleaseScriptCaches (0ms)
		RebuildScriptCaches (0ms)
		SetupLoadedEditorAssemblies (1029ms)
			LogAssemblyErrors (0ms)
			InitializePlatformSupportModulesInManaged (24ms)
			SetLoadedEditorAssemblies (11ms)
			BeforeProcessingInitializeOnLoad (241ms)
			ProcessInitializeOnLoadAttributes (662ms)
			ProcessInitializeOnLoadMethodAttributes (87ms)
			AfterProcessingInitializeOnLoad (5ms)
			EditorAssembliesLoaded (0ms)
		ExecutionOrderSort2 (0ms)
		AwakeInstancesAfterBackupRestoration (15ms)
Refreshing native plugins compatible for Editor in 5.22 ms, found 4 plugins.
Preloading 0 native plugins for Editor in 0.00 ms.
Unloading 0 Unused Serialized files (Serialized files now loaded: 0)
Unloading 4356 unused Assets / (132.0 KB). Loaded Objects now: 4879.
Memory consumption went from 93.4 MB to 93.2 MB.
Total: 22.981800 ms (FindLiveObjects: 2.492600 ms CreateObjectMapping: 0.620400 ms MarkObjects: 18.016500 ms  DeleteObjects: 1.849800 ms)

Prepare: number of updated asset objects reloaded= 0
========================================================================
Received Import Request.
  Time since last request: 18.230799 seconds.
  path: Assets/Prefabs/Enviroment/VerticalBarrier2_0.prefab
  artifactKey: Guid(bf0791756007781448d87c1680e8a619) Importer(815301076,1909f56bfc062723c751e8b465ee728b)
Start importing Assets/Prefabs/Enviroment/VerticalBarrier2_0.prefab using Guid(bf0791756007781448d87c1680e8a619) Importer(815301076,1909f56bfc062723c751e8b465ee728b) (PreviewImporter) -> (artifact id: 'ece5eb530aed6cb18967ab7468a86f02') in 0.1606702 seconds
Number of updated asset objects reloaded before import = 0Number of asset objects unloaded after import = 73

========================================================================
Received Import Request.
  Time since last request: 0.000039 seconds.
  path: Assets/Prefabs/Enviroment/HorizontalBarrier5_0.prefab
  artifactKey: Guid(8499a30cc1236ed4fbcdf724f7ffa60c) Importer(815301076,1909f56bfc062723c751e8b465ee728b)
Start importing Assets/Prefabs/Enviroment/HorizontalBarrier5_0.prefab using Guid(8499a30cc1236ed4fbcdf724f7ffa60c) Importer(815301076,1909f56bfc062723c751e8b465ee728b) (PreviewImporter) -> (artifact id: '13fac665b7c0fd7d3015f03e4d25aa75') in 0.0258401 seconds
Number of updated asset objects reloaded before import = 0Number of asset objects unloaded after import = 73

========================================================================
Received Import Request.
  Time since last request: 0.000038 seconds.
  path: Assets/Prefabs/Enviroment/poolmat_0.prefab
  artifactKey: Guid(9a6ff90c04e58e442aa9f89dbd34978f) Importer(815301076,1909f56bfc062723c751e8b465ee728b)
Start importing Assets/Prefabs/Enviroment/poolmat_0.prefab using Guid(9a6ff90c04e58e442aa9f89dbd34978f) Importer(815301076,1909f56bfc062723c751e8b465ee728b) (PreviewImporter) -> (artifact id: '41a6646366f8e5a52f59ab2c2a67964b') in 0.0238993 seconds
Number of updated asset objects reloaded before import = 0Number of asset objects unloaded after import = 73

========================================================================
Received Import Request.
  Time since last request: 0.000031 seconds.
  path: Assets/Prefabs/Enviroment/VerticalBarrier5_0.prefab
  artifactKey: Guid(dfdd39eb39a53d542bb2d995f71c28b8) Importer(815301076,1909f56bfc062723c751e8b465ee728b)
Start importing Assets/Prefabs/Enviroment/VerticalBarrier5_0.prefab using Guid(dfdd39eb39a53d542bb2d995f71c28b8) Importer(815301076,1909f56bfc062723c751e8b465ee728b) (PreviewImporter) -> (artifact id: '757ddc17539b31d80aa04a95b01b8f07') in 0.0315841 seconds
Number of updated asset objects reloaded before import = 0Number of asset objects unloaded after import = 73

========================================================================
Received Import Request.
  Time since last request: 0.000030 seconds.
  path: Assets/Prefabs/Enviroment/VerticalBarrier4_0.prefab
  artifactKey: Guid(7475bf14dd93a49459f9815aca8a1ddf) Importer(815301076,1909f56bfc062723c751e8b465ee728b)
Start importing Assets/Prefabs/Enviroment/VerticalBarrier4_0.prefab using Guid(7475bf14dd93a49459f9815aca8a1ddf) Importer(815301076,1909f56bfc062723c751e8b465ee728b) (PreviewImporter) -> (artifact id: 'e00deef195aa1176869a401869998442') in 0.0239085 seconds
Number of updated asset objects reloaded before import = 0Number of asset objects unloaded after import = 73

========================================================================
Received Import Request.
  Time since last request: 4.784020 seconds.
  path: Assets/Prefabs/Enviroment/VerticalBarrier2_0.prefab
  artifactKey: Guid(bf0791756007781448d87c1680e8a619) Importer(815301076,1909f56bfc062723c751e8b465ee728b)
Start importing Assets/Prefabs/Enviroment/VerticalBarrier2_0.prefab using Guid(bf0791756007781448d87c1680e8a619) Importer(815301076,1909f56bfc062723c751e8b465ee728b) (PreviewImporter) -> (artifact id: '3076285f8de36e3b4eee03c8b6a71afc') in 0.0244749 seconds
Number of updated asset objects reloaded before import = 0Number of asset objects unloaded after import = 73

========================================================================
Received Import Request.
  Time since last request: 0.000026 seconds.
  path: Assets/Prefabs/Enviroment/HorizontalBarrier5_0.prefab
  artifactKey: Guid(8499a30cc1236ed4fbcdf724f7ffa60c) Importer(815301076,1909f56bfc062723c751e8b465ee728b)
Start importing Assets/Prefabs/Enviroment/HorizontalBarrier5_0.prefab using Guid(8499a30cc1236ed4fbcdf724f7ffa60c) Importer(815301076,1909f56bfc062723c751e8b465ee728b) (PreviewImporter) -> (artifact id: 'bbdb35a3c6d5941e9a42207444b77d45') in 0.0247404 seconds
Number of updated asset objects reloaded before import = 0Number of asset objects unloaded after import = 73

========================================================================
Received Import Request.
  Time since last request: 0.000026 seconds.
  path: Assets/Prefabs/Enviroment/VerticalBarrier4_0.prefab
  artifactKey: Guid(7475bf14dd93a49459f9815aca8a1ddf) Importer(815301076,1909f56bfc062723c751e8b465ee728b)
Start importing Assets/Prefabs/Enviroment/VerticalBarrier4_0.prefab using Guid(7475bf14dd93a49459f9815aca8a1ddf) Importer(815301076,1909f56bfc062723c751e8b465ee728b) (PreviewImporter) -> (artifact id: '0fb28937c5bbffa8915697ae8aad2ac7') in 0.024117 seconds
Number of updated asset objects reloaded before import = 0Number of asset objects unloaded after import = 73

========================================================================
Received Import Request.
  Time since last request: 4.314289 seconds.
  path: Assets/Prefabs/Enviroment/VerticalBarrier3_0.prefab
  artifactKey: Guid(b56e033bba0b5954ea7c6f7be9e68839) Importer(815301076,1909f56bfc062723c751e8b465ee728b)
Start importing Assets/Prefabs/Enviroment/VerticalBarrier3_0.prefab using Guid(b56e033bba0b5954ea7c6f7be9e68839) Importer(815301076,1909f56bfc062723c751e8b465ee728b) (PreviewImporter) -> (artifact id: '2b25b5ed5e04257e89d089dad8f3605b') in 0.024319 seconds
Number of updated asset objects reloaded before import = 0Number of asset objects unloaded after import = 73

========================================================================
Received Import Request.
  Time since last request: 0.000028 seconds.
  path: Assets/Prefabs/Enviroment/HorizontalBarrier5_0.prefab
  artifactKey: Guid(8499a30cc1236ed4fbcdf724f7ffa60c) Importer(815301076,1909f56bfc062723c751e8b465ee728b)
Start importing Assets/Prefabs/Enviroment/HorizontalBarrier5_0.prefab using Guid(8499a30cc1236ed4fbcdf724f7ffa60c) Importer(815301076,1909f56bfc062723c751e8b465ee728b) (PreviewImporter) -> (artifact id: 'e2420129cbc5322d4ac211521b319802') in 0.0299956 seconds
Number of updated asset objects reloaded before import = 0Number of asset objects unloaded after import = 73

========================================================================
Received Import Request.
  Time since last request: 0.002010 seconds.
  path: Assets/Prefabs/Enviroment/VerticalBarrier2_0.prefab
  artifactKey: Guid(bf0791756007781448d87c1680e8a619) Importer(815301076,1909f56bfc062723c751e8b465ee728b)
Start importing Assets/Prefabs/Enviroment/VerticalBarrier2_0.prefab using Guid(bf0791756007781448d87c1680e8a619) Importer(815301076,1909f56bfc062723c751e8b465ee728b) (PreviewImporter) -> (artifact id: 'fff2fbd1cb1f86490b4965c678c99903') in 0.0321062 seconds
Number of updated asset objects reloaded before import = 0Number of asset objects unloaded after import = 73

========================================================================
Received Import Request.
  Time since last request: 2.318144 seconds.
  path: Assets/Prefabs/Enviroment/VerticalBarrier3_0.prefab
  artifactKey: Guid(b56e033bba0b5954ea7c6f7be9e68839) Importer(815301076,1909f56bfc062723c751e8b465ee728b)
Start importing Assets/Prefabs/Enviroment/VerticalBarrier3_0.prefab using Guid(b56e033bba0b5954ea7c6f7be9e68839) Importer(815301076,1909f56bfc062723c751e8b465ee728b) (PreviewImporter) -> (artifact id: '4961f46f85d0b3e13f054cd04ffee6dd') in 0.0208365 seconds
Number of updated asset objects reloaded before import = 0Number of asset objects unloaded after import = 73

========================================================================
Received Import Request.
  Time since last request: 0.000111 seconds.
  path: Assets/Prefabs/Enviroment/HorizontalBarrier5_0.prefab
  artifactKey: Guid(8499a30cc1236ed4fbcdf724f7ffa60c) Importer(815301076,1909f56bfc062723c751e8b465ee728b)
Start importing Assets/Prefabs/Enviroment/HorizontalBarrier5_0.prefab using Guid(8499a30cc1236ed4fbcdf724f7ffa60c) Importer(815301076,1909f56bfc062723c751e8b465ee728b) (PreviewImporter) -> (artifact id: '9217e03832f4c77b875fa855bdd8c1b7') in 0.0273021 seconds
Number of updated asset objects reloaded before import = 0Number of asset objects unloaded after import = 73

========================================================================
Received Import Request.
  Time since last request: 0.000027 seconds.
  path: Assets/Prefabs/Enviroment/VerticalBarrier1_0.prefab
  artifactKey: Guid(d6e650186b1685145aa2bdea3907131c) Importer(815301076,1909f56bfc062723c751e8b465ee728b)
Start importing Assets/Prefabs/Enviroment/VerticalBarrier1_0.prefab using Guid(d6e650186b1685145aa2bdea3907131c) Importer(815301076,1909f56bfc062723c751e8b465ee728b) (PreviewImporter) -> (artifact id: 'db8611ba0f11e4b6bbe79ad35fbea36b') in 0.0261113 seconds
Number of updated asset objects reloaded before import = 0Number of asset objects unloaded after import = 73

========================================================================
Received Import Request.
  Time since last request: 6.567958 seconds.
  path: Assets/Prefabs/Enviroment/VerticalBarrier4_0.prefab
  artifactKey: Guid(7475bf14dd93a49459f9815aca8a1ddf) Importer(815301076,1909f56bfc062723c751e8b465ee728b)
Start importing Assets/Prefabs/Enviroment/VerticalBarrier4_0.prefab using Guid(7475bf14dd93a49459f9815aca8a1ddf) Importer(815301076,1909f56bfc062723c751e8b465ee728b) (PreviewImporter) -> (artifact id: 'effa7cd3aa98f467899dafd705540c47') in 0.0255046 seconds
Number of updated asset objects reloaded before import = 0Number of asset objects unloaded after import = 73

========================================================================
Received Import Request.
  Time since last request: 0.000027 seconds.
  path: Assets/Prefabs/Enviroment/HorizontalBarrier5_0.prefab
  artifactKey: Guid(8499a30cc1236ed4fbcdf724f7ffa60c) Importer(815301076,1909f56bfc062723c751e8b465ee728b)
Start importing Assets/Prefabs/Enviroment/HorizontalBarrier5_0.prefab using Guid(8499a30cc1236ed4fbcdf724f7ffa60c) Importer(815301076,1909f56bfc062723c751e8b465ee728b) (PreviewImporter) -> (artifact id: '60fa58f9b4973deb9db4c1b403670106') in 0.026392 seconds
Number of updated asset objects reloaded before import = 0Number of asset objects unloaded after import = 73

========================================================================
Received Import Request.
  Time since last request: 0.000022 seconds.
  path: Assets/Prefabs/Enviroment/VerticalBarrier1_0.prefab
  artifactKey: Guid(d6e650186b1685145aa2bdea3907131c) Importer(815301076,1909f56bfc062723c751e8b465ee728b)
Start importing Assets/Prefabs/Enviroment/VerticalBarrier1_0.prefab using Guid(d6e650186b1685145aa2bdea3907131c) Importer(815301076,1909f56bfc062723c751e8b465ee728b) (PreviewImporter) -> (artifact id: 'dc2b4cfddbe3b9e9fbb98181122fbd13') in 0.0268788 seconds
Number of updated asset objects reloaded before import = 0Number of asset objects unloaded after import = 73

========================================================================
Received Import Request.
  Time since last request: 3.372956 seconds.
  path: Assets/Prefabs/Enviroment/VerticalBarrier5_0.prefab
  artifactKey: Guid(dfdd39eb39a53d542bb2d995f71c28b8) Importer(815301076,1909f56bfc062723c751e8b465ee728b)
Start importing Assets/Prefabs/Enviroment/VerticalBarrier5_0.prefab using Guid(dfdd39eb39a53d542bb2d995f71c28b8) Importer(815301076,1909f56bfc062723c751e8b465ee728b) (PreviewImporter) -> (artifact id: 'a9b4e12a5223780c7b704b85b1b61cd2') in 0.0198049 seconds
Number of updated asset objects reloaded before import = 0Number of asset objects unloaded after import = 73

========================================================================
Received Import Request.
  Time since last request: 0.000021 seconds.
  path: Assets/Prefabs/Enviroment/HorizontalBarrier5_0.prefab
  artifactKey: Guid(8499a30cc1236ed4fbcdf724f7ffa60c) Importer(815301076,1909f56bfc062723c751e8b465ee728b)
Start importing Assets/Prefabs/Enviroment/HorizontalBarrier5_0.prefab using Guid(8499a30cc1236ed4fbcdf724f7ffa60c) Importer(815301076,1909f56bfc062723c751e8b465ee728b) (PreviewImporter) -> (artifact id: '7b5a1477e04e8ebee1b99a3f21b501a8') in 0.0258369 seconds
Number of updated asset objects reloaded before import = 0Number of asset objects unloaded after import = 73

========================================================================
Received Import Request.
  Time since last request: 0.000024 seconds.
  path: Assets/Prefabs/Enviroment/VerticalBarrier4_0.prefab
  artifactKey: Guid(7475bf14dd93a49459f9815aca8a1ddf) Importer(815301076,1909f56bfc062723c751e8b465ee728b)
Start importing Assets/Prefabs/Enviroment/VerticalBarrier4_0.prefab using Guid(7475bf14dd93a49459f9815aca8a1ddf) Importer(815301076,1909f56bfc062723c751e8b465ee728b) (PreviewImporter) -> (artifact id: 'b64e6b578187361df8bbacf17cd8d490') in 0.0226599 seconds
Number of updated asset objects reloaded before import = 0Number of asset objects unloaded after import = 73

========================================================================
Received Prepare
Begin MonoManager ReloadAssembly
- Loaded All Assemblies, in  1.430 seconds
Refreshing native plugins compatible for Editor in 4.71 ms, found 4 plugins.
Native extension for Android target not found
Native extension for UWP target not found
Native extension for WindowsStandalone target not found
Mono: successfully reloaded assembly
- Finished resetting the current domain, in  1.317 seconds
Domain Reload Profiling: 2747ms
	BeginReloadAssembly (418ms)
		ExecutionOrderSort (0ms)
		DisableScriptedObjects (33ms)
		BackupInstance (0ms)
		ReleaseScriptingObjects (0ms)
		CreateAndSetChildDomain (86ms)
	RebuildCommonClasses (92ms)
	RebuildNativeTypeToScriptingClass (34ms)
	initialDomainReloadingComplete (61ms)
	LoadAllAssembliesAndSetupDomain (824ms)
		LoadAssemblies (736ms)
		RebuildTransferFunctionScriptingTraits (0ms)
		AnalyzeDomain (328ms)
			TypeCache.Refresh (9ms)
				TypeCache.ScanAssembly (0ms)
			BuildScriptInfoCaches (300ms)
			ResolveRequiredComponents (13ms)
	FinalizeReload (1318ms)
		ReleaseScriptCaches (0ms)
		RebuildScriptCaches (0ms)
		SetupLoadedEditorAssemblies (1037ms)
			LogAssemblyErrors (0ms)
			InitializePlatformSupportModulesInManaged (26ms)
			SetLoadedEditorAssemblies (10ms)
			BeforeProcessingInitializeOnLoad (246ms)
			ProcessInitializeOnLoadAttributes (662ms)
			ProcessInitializeOnLoadMethodAttributes (88ms)
			AfterProcessingInitializeOnLoad (5ms)
			EditorAssembliesLoaded (0ms)
		ExecutionOrderSort2 (0ms)
		AwakeInstancesAfterBackupRestoration (19ms)
Refreshing native plugins compatible for Editor in 13.77 ms, found 4 plugins.
Preloading 0 native plugins for Editor in 0.00 ms.
Unloading 0 Unused Serialized files (Serialized files now loaded: 0)
Unloading 4356 unused Assets / (131.0 KB). Loaded Objects now: 4881.
Memory consumption went from 93.4 MB to 93.3 MB.
Total: 12.756000 ms (FindLiveObjects: 0.850100 ms CreateObjectMapping: 0.575100 ms MarkObjects: 9.635000 ms  DeleteObjects: 1.693200 ms)

Prepare: number of updated asset objects reloaded= 0
========================================================================
Received Import Request.
  Time since last request: 18.706661 seconds.
  path: Assets/Prefabs/Enviroment/Cell.prefab
  artifactKey: Guid(4677bc51d59c9704ea476bb38f1e33cc) Importer(815301076,1909f56bfc062723c751e8b465ee728b)
Start importing Assets/Prefabs/Enviroment/Cell.prefab using Guid(4677bc51d59c9704ea476bb38f1e33cc) Importer(815301076,1909f56bfc062723c751e8b465ee728b) (PreviewImporter) -> (artifact id: '7bc19aff4f23e71c8956e99c443d0390') in 0.0651119 seconds
Number of updated asset objects reloaded before import = 0Number of asset objects unloaded after import = 5

========================================================================
Received Prepare
Begin MonoManager ReloadAssembly
- Loaded All Assemblies, in  1.474 seconds
Refreshing native plugins compatible for Editor in 5.57 ms, found 4 plugins.
Native extension for Android target not found
Native extension for UWP target not found
Native extension for WindowsStandalone target not found
Mono: successfully reloaded assembly
- Finished resetting the current domain, in  1.283 seconds
Domain Reload Profiling: 2757ms
	BeginReloadAssembly (433ms)
		ExecutionOrderSort (0ms)
		DisableScriptedObjects (30ms)
		BackupInstance (0ms)
		ReleaseScriptingObjects (0ms)
		CreateAndSetChildDomain (82ms)
	RebuildCommonClasses (83ms)
	RebuildNativeTypeToScriptingClass (30ms)
	initialDomainReloadingComplete (58ms)
	LoadAllAssembliesAndSetupDomain (869ms)
		LoadAssemblies (760ms)
		RebuildTransferFunctionScriptingTraits (0ms)
		AnalyzeDomain (366ms)
			TypeCache.Refresh (11ms)
				TypeCache.ScanAssembly (0ms)
			BuildScriptInfoCaches (332ms)
			ResolveRequiredComponents (17ms)
	FinalizeReload (1284ms)
		ReleaseScriptCaches (0ms)
		RebuildScriptCaches (0ms)
		SetupLoadedEditorAssemblies (985ms)
			LogAssemblyErrors (0ms)
			InitializePlatformSupportModulesInManaged (25ms)
			SetLoadedEditorAssemblies (10ms)
			BeforeProcessingInitializeOnLoad (212ms)
			ProcessInitializeOnLoadAttributes (639ms)
			ProcessInitializeOnLoadMethodAttributes (93ms)
			AfterProcessingInitializeOnLoad (6ms)
			EditorAssembliesLoaded (0ms)
		ExecutionOrderSort2 (0ms)
		AwakeInstancesAfterBackupRestoration (27ms)
Refreshing native plugins compatible for Editor in 8.97 ms, found 4 plugins.
Preloading 0 native plugins for Editor in 0.00 ms.
Unloading 0 Unused Serialized files (Serialized files now loaded: 0)
Unloading 4356 unused Assets / (432.1 KB). Loaded Objects now: 4883.
Memory consumption went from 93.4 MB to 93.0 MB.
Total: 18.493000 ms (FindLiveObjects: 2.420200 ms CreateObjectMapping: 0.728500 ms MarkObjects: 13.046700 ms  DeleteObjects: 2.294700 ms)

Prepare: number of updated asset objects reloaded= 0
========================================================================
Received Prepare
Refreshing native plugins compatible for Editor in 6.69 ms, found 4 plugins.
Preloading 0 native plugins for Editor in 0.00 ms.
Unloading 0 Unused Serialized files (Serialized files now loaded: 0)
Unloading 4346 unused Assets / (437.8 KB). Loaded Objects now: 4883.
Memory consumption went from 93.5 MB to 93.1 MB.
Total: 36.709000 ms (FindLiveObjects: 1.054200 ms CreateObjectMapping: 0.558900 ms MarkObjects: 21.419300 ms  DeleteObjects: 13.673800 ms)

Prepare: number of updated asset objects reloaded= 0
========================================================================
Received Prepare
Refreshing native plugins compatible for Editor in 5.29 ms, found 4 plugins.
Preloading 0 native plugins for Editor in 0.00 ms.
Unloading 0 Unused Serialized files (Serialized files now loaded: 0)
Unloading 4346 unused Assets / (474.7 KB). Loaded Objects now: 4883.
Memory consumption went from 93.5 MB to 93.1 MB.
Total: 46.970000 ms (FindLiveObjects: 1.669100 ms CreateObjectMapping: 1.779100 ms MarkObjects: 37.908500 ms  DeleteObjects: 5.610900 ms)

Prepare: number of updated asset objects reloaded= 0
========================================================================
Received Prepare
Begin MonoManager ReloadAssembly
- Loaded All Assemblies, in  1.386 seconds
Refreshing native plugins compatible for Editor in 3.98 ms, found 4 plugins.
Native extension for Android target not found
Native extension for UWP target not found
Native extension for WindowsStandalone target not found
Mono: successfully reloaded assembly
- Finished resetting the current domain, in  1.153 seconds
Domain Reload Profiling: 2539ms
	BeginReloadAssembly (376ms)
		ExecutionOrderSort (0ms)
		DisableScriptedObjects (32ms)
		BackupInstance (0ms)
		ReleaseScriptingObjects (0ms)
		CreateAndSetChildDomain (70ms)
	RebuildCommonClasses (81ms)
	RebuildNativeTypeToScriptingClass (29ms)
	initialDomainReloadingComplete (53ms)
	LoadAllAssembliesAndSetupDomain (846ms)
		LoadAssemblies (688ms)
		RebuildTransferFunctionScriptingTraits (0ms)
		AnalyzeDomain (375ms)
			TypeCache.Refresh (17ms)
				TypeCache.ScanAssembly (3ms)
			BuildScriptInfoCaches (339ms)
			ResolveRequiredComponents (14ms)
	FinalizeReload (1153ms)
		ReleaseScriptCaches (0ms)
		RebuildScriptCaches (0ms)
		SetupLoadedEditorAssemblies (888ms)
			LogAssemblyErrors (0ms)
			InitializePlatformSupportModulesInManaged (21ms)
			SetLoadedEditorAssemblies (9ms)
			BeforeProcessingInitializeOnLoad (179ms)
			ProcessInitializeOnLoadAttributes (591ms)
			ProcessInitializeOnLoadMethodAttributes (83ms)
			AfterProcessingInitializeOnLoad (4ms)
			EditorAssembliesLoaded (0ms)
		ExecutionOrderSort2 (0ms)
		AwakeInstancesAfterBackupRestoration (18ms)
Refreshing native plugins compatible for Editor in 5.47 ms, found 4 plugins.
Preloading 0 native plugins for Editor in 0.00 ms.
Unloading 0 Unused Serialized files (Serialized files now loaded: 0)
Unloading 4356 unused Assets / (1.0 MB). Loaded Objects now: 4885.
Memory consumption went from 93.4 MB to 92.4 MB.
Total: 13.093100 ms (FindLiveObjects: 0.889700 ms CreateObjectMapping: 0.504900 ms MarkObjects: 9.570900 ms  DeleteObjects: 2.125400 ms)

Prepare: number of updated asset objects reloaded= 0
========================================================================
Received Prepare
Begin MonoManager ReloadAssembly
- Loaded All Assemblies, in  1.289 seconds
Refreshing native plugins compatible for Editor in 4.07 ms, found 4 plugins.
Native extension for Android target not found
Native extension for UWP target not found
Native extension for WindowsStandalone target not found
Mono: successfully reloaded assembly
- Finished resetting the current domain, in  1.261 seconds
Domain Reload Profiling: 2551ms
	BeginReloadAssembly (373ms)
		ExecutionOrderSort (0ms)
		DisableScriptedObjects (30ms)
		BackupInstance (0ms)
		ReleaseScriptingObjects (0ms)
		CreateAndSetChildDomain (72ms)
	RebuildCommonClasses (77ms)
	RebuildNativeTypeToScriptingClass (35ms)
	initialDomainReloadingComplete (51ms)
	LoadAllAssembliesAndSetupDomain (752ms)
		LoadAssemblies (633ms)
		RebuildTransferFunctionScriptingTraits (0ms)
		AnalyzeDomain (331ms)
			TypeCache.Refresh (11ms)
				TypeCache.ScanAssembly (0ms)
			BuildScriptInfoCaches (304ms)
			ResolveRequiredComponents (12ms)
	FinalizeReload (1262ms)
		ReleaseScriptCaches (0ms)
		RebuildScriptCaches (0ms)
		SetupLoadedEditorAssemblies (971ms)
			LogAssemblyErrors (0ms)
			InitializePlatformSupportModulesInManaged (24ms)
			SetLoadedEditorAssemblies (8ms)
			BeforeProcessingInitializeOnLoad (207ms)
			ProcessInitializeOnLoadAttributes (644ms)
			ProcessInitializeOnLoadMethodAttributes (83ms)
			AfterProcessingInitializeOnLoad (4ms)
			EditorAssembliesLoaded (0ms)
		ExecutionOrderSort2 (0ms)
		AwakeInstancesAfterBackupRestoration (14ms)
Refreshing native plugins compatible for Editor in 5.13 ms, found 4 plugins.
Preloading 0 native plugins for Editor in 0.00 ms.
Unloading 0 Unused Serialized files (Serialized files now loaded: 0)
Unloading 4356 unused Assets / (0.6 MB). Loaded Objects now: 4887.
Memory consumption went from 93.4 MB to 92.7 MB.
Total: 15.758400 ms (FindLiveObjects: 1.915800 ms CreateObjectMapping: 1.043700 ms MarkObjects: 10.523800 ms  DeleteObjects: 2.272400 ms)

Prepare: number of updated asset objects reloaded= 0
========================================================================
Received Import Request.
  Time since last request: 256.922163 seconds.
  path: Assets/Scripts/Player/GridMovementPlayer.cs
  artifactKey: Guid(7c9e19e37ee126f48b8afd69e7e6cdac) Importer(815301076,1909f56bfc062723c751e8b465ee728b)
Start importing Assets/Scripts/Player/GridMovementPlayer.cs using Guid(7c9e19e37ee126f48b8afd69e7e6cdac) Importer(815301076,1909f56bfc062723c751e8b465ee728b) (PreviewImporter) -> (artifact id: 'bf4dc1fbc3f55bc4162d31cc4a3bdc3b') in 0.0381102 seconds
Number of updated asset objects reloaded before import = 0Number of asset objects unloaded after import = 0

========================================================================
Received Prepare
Begin MonoManager ReloadAssembly
- Loaded All Assemblies, in  1.359 seconds
Refreshing native plugins compatible for Editor in 3.67 ms, found 4 plugins.
Native extension for Android target not found
Native extension for UWP target not found
Native extension for WindowsStandalone target not found
Mono: successfully reloaded assembly
- Finished resetting the current domain, in  1.162 seconds
Domain Reload Profiling: 2520ms
	BeginReloadAssembly (418ms)
		ExecutionOrderSort (0ms)
		DisableScriptedObjects (31ms)
		BackupInstance (0ms)
		ReleaseScriptingObjects (0ms)
		CreateAndSetChildDomain (72ms)
	RebuildCommonClasses (100ms)
	RebuildNativeTypeToScriptingClass (40ms)
	initialDomainReloadingComplete (77ms)
	LoadAllAssembliesAndSetupDomain (723ms)
		LoadAssemblies (700ms)
		RebuildTransferFunctionScriptingTraits (0ms)
		AnalyzeDomain (278ms)
			TypeCache.Refresh (9ms)
				TypeCache.ScanAssembly (0ms)
			BuildScriptInfoCaches (254ms)
			ResolveRequiredComponents (11ms)
	FinalizeReload (1163ms)
		ReleaseScriptCaches (0ms)
		RebuildScriptCaches (0ms)
		SetupLoadedEditorAssemblies (900ms)
			LogAssemblyErrors (0ms)
			InitializePlatformSupportModulesInManaged (25ms)
			SetLoadedEditorAssemblies (9ms)
			BeforeProcessingInitializeOnLoad (189ms)
			ProcessInitializeOnLoadAttributes (598ms)
			ProcessInitializeOnLoadMethodAttributes (76ms)
			AfterProcessingInitializeOnLoad (4ms)
			EditorAssembliesLoaded (0ms)
		ExecutionOrderSort2 (0ms)
		AwakeInstancesAfterBackupRestoration (17ms)
Refreshing native plugins compatible for Editor in 6.41 ms, found 4 plugins.
Preloading 0 native plugins for Editor in 0.00 ms.
Unloading 0 Unused Serialized files (Serialized files now loaded: 0)
Unloading 4356 unused Assets / (0.7 MB). Loaded Objects now: 4889.
Memory consumption went from 93.4 MB to 92.7 MB.
Total: 21.301100 ms (FindLiveObjects: 1.096500 ms CreateObjectMapping: 0.480000 ms MarkObjects: 17.400100 ms  DeleteObjects: 2.322200 ms)

Prepare: number of updated asset objects reloaded= 0
========================================================================
Received Prepare
Begin MonoManager ReloadAssembly
- Loaded All Assemblies, in  1.355 seconds
Refreshing native plugins compatible for Editor in 3.77 ms, found 4 plugins.
Native extension for Android target not found
Native extension for UWP target not found
Native extension for WindowsStandalone target not found
Mono: successfully reloaded assembly
- Finished resetting the current domain, in  1.247 seconds
Domain Reload Profiling: 2604ms
	BeginReloadAssembly (409ms)
		ExecutionOrderSort (0ms)
		DisableScriptedObjects (40ms)
		BackupInstance (0ms)
		ReleaseScriptingObjects (0ms)
		CreateAndSetChildDomain (83ms)
	RebuildCommonClasses (85ms)
	RebuildNativeTypeToScriptingClass (30ms)
	initialDomainReloadingComplete (53ms)
	LoadAllAssembliesAndSetupDomain (779ms)
		LoadAssemblies (664ms)
		RebuildTransferFunctionScriptingTraits (0ms)
		AnalyzeDomain (339ms)
			TypeCache.Refresh (9ms)
				TypeCache.ScanAssembly (0ms)
			BuildScriptInfoCaches (309ms)
			ResolveRequiredComponents (16ms)
	FinalizeReload (1248ms)
		ReleaseScriptCaches (0ms)
		RebuildScriptCaches (0ms)
		SetupLoadedEditorAssemblies (968ms)
			LogAssemblyErrors (0ms)
			InitializePlatformSupportModulesInManaged (27ms)
			SetLoadedEditorAssemblies (9ms)
			BeforeProcessingInitializeOnLoad (213ms)
			ProcessInitializeOnLoadAttributes (635ms)
			ProcessInitializeOnLoadMethodAttributes (79ms)
			AfterProcessingInitializeOnLoad (4ms)
			EditorAssembliesLoaded (0ms)
		ExecutionOrderSort2 (0ms)
		AwakeInstancesAfterBackupRestoration (15ms)
Refreshing native plugins compatible for Editor in 6.75 ms, found 4 plugins.
Preloading 0 native plugins for Editor in 0.00 ms.
Unloading 0 Unused Serialized files (Serialized files now loaded: 0)
Unloading 4356 unused Assets / (375.3 KB). Loaded Objects now: 4891.
Memory consumption went from 93.4 MB to 93.0 MB.
Total: 15.355600 ms (FindLiveObjects: 1.528500 ms CreateObjectMapping: 0.980900 ms MarkObjects: 10.995500 ms  DeleteObjects: 1.848500 ms)

Prepare: number of updated asset objects reloaded= 0
========================================================================
Received Prepare
Begin MonoManager ReloadAssembly
- Loaded All Assemblies, in  1.343 seconds
Refreshing native plugins compatible for Editor in 4.70 ms, found 4 plugins.
Native extension for Android target not found
Native extension for UWP target not found
Native extension for WindowsStandalone target not found
Mono: successfully reloaded assembly
- Finished resetting the current domain, in  1.225 seconds
Domain Reload Profiling: 2570ms
	BeginReloadAssembly (408ms)
		ExecutionOrderSort (0ms)
		DisableScriptedObjects (34ms)
		BackupInstance (0ms)
		ReleaseScriptingObjects (0ms)
		CreateAndSetChildDomain (83ms)
	RebuildCommonClasses (83ms)
	RebuildNativeTypeToScriptingClass (33ms)
	initialDomainReloadingComplete (51ms)
	LoadAllAssembliesAndSetupDomain (770ms)
		LoadAssemblies (681ms)
		RebuildTransferFunctionScriptingTraits (0ms)
		AnalyzeDomain (323ms)
			TypeCache.Refresh (12ms)
				TypeCache.ScanAssembly (0ms)
			BuildScriptInfoCaches (289ms)
			ResolveRequiredComponents (16ms)
	FinalizeReload (1226ms)
		ReleaseScriptCaches (0ms)
		RebuildScriptCaches (0ms)
		SetupLoadedEditorAssemblies (917ms)
			LogAssemblyErrors (0ms)
			InitializePlatformSupportModulesInManaged (22ms)
			SetLoadedEditorAssemblies (10ms)
			BeforeProcessingInitializeOnLoad (202ms)
			ProcessInitializeOnLoadAttributes (592ms)
			ProcessInitializeOnLoadMethodAttributes (87ms)
			AfterProcessingInitializeOnLoad (4ms)
			EditorAssembliesLoaded (0ms)
		ExecutionOrderSort2 (0ms)
		AwakeInstancesAfterBackupRestoration (15ms)
Refreshing native plugins compatible for Editor in 5.47 ms, found 4 plugins.
Preloading 0 native plugins for Editor in 0.00 ms.
Unloading 0 Unused Serialized files (Serialized files now loaded: 0)
Unloading 4356 unused Assets / (132.0 KB). Loaded Objects now: 4893.
Memory consumption went from 93.4 MB to 93.3 MB.
Total: 15.060200 ms (FindLiveObjects: 0.857400 ms CreateObjectMapping: 0.492100 ms MarkObjects: 10.403200 ms  DeleteObjects: 3.304900 ms)

Prepare: number of updated asset objects reloaded= 0
========================================================================
Received Prepare
Begin MonoManager ReloadAssembly
- Loaded All Assemblies, in  1.349 seconds
Refreshing native plugins compatible for Editor in 3.95 ms, found 4 plugins.
Native extension for Android target not found
Native extension for UWP target not found
Native extension for WindowsStandalone target not found
Mono: successfully reloaded assembly
- Finished resetting the current domain, in  1.268 seconds
Domain Reload Profiling: 2618ms
	BeginReloadAssembly (392ms)
		ExecutionOrderSort (0ms)
		DisableScriptedObjects (27ms)
		BackupInstance (0ms)
		ReleaseScriptingObjects (0ms)
		CreateAndSetChildDomain (74ms)
	RebuildCommonClasses (91ms)
	RebuildNativeTypeToScriptingClass (41ms)
	initialDomainReloadingComplete (60ms)
	LoadAllAssembliesAndSetupDomain (764ms)
		LoadAssemblies (649ms)
		RebuildTransferFunctionScriptingTraits (0ms)
		AnalyzeDomain (351ms)
			TypeCache.Refresh (10ms)
				TypeCache.ScanAssembly (0ms)
			BuildScriptInfoCaches (322ms)
			ResolveRequiredComponents (14ms)
	FinalizeReload (1268ms)
		ReleaseScriptCaches (0ms)
		RebuildScriptCaches (0ms)
		SetupLoadedEditorAssemblies (978ms)
			LogAssemblyErrors (0ms)
			InitializePlatformSupportModulesInManaged (25ms)
			SetLoadedEditorAssemblies (12ms)
			BeforeProcessingInitializeOnLoad (229ms)
			ProcessInitializeOnLoadAttributes (629ms)
			ProcessInitializeOnLoadMethodAttributes (79ms)
			AfterProcessingInitializeOnLoad (4ms)
			EditorAssembliesLoaded (0ms)
		ExecutionOrderSort2 (0ms)
		AwakeInstancesAfterBackupRestoration (15ms)
Refreshing native plugins compatible for Editor in 5.02 ms, found 4 plugins.
Preloading 0 native plugins for Editor in 0.00 ms.
Unloading 0 Unused Serialized files (Serialized files now loaded: 0)
Unloading 4356 unused Assets / (0.6 MB). Loaded Objects now: 4895.
Memory consumption went from 93.4 MB to 92.8 MB.
Total: 18.449900 ms (FindLiveObjects: 1.015600 ms CreateObjectMapping: 0.701700 ms MarkObjects: 14.441200 ms  DeleteObjects: 2.288900 ms)

Prepare: number of updated asset objects reloaded= 0
========================================================================
Received Prepare
Begin MonoManager ReloadAssembly
- Loaded All Assemblies, in  1.314 seconds
Refreshing native plugins compatible for Editor in 4.92 ms, found 4 plugins.
Native extension for Android target not found
Native extension for UWP target not found
Native extension for WindowsStandalone target not found
Mono: successfully reloaded assembly
- Finished resetting the current domain, in  1.218 seconds
Domain Reload Profiling: 2532ms
	BeginReloadAssembly (363ms)
		ExecutionOrderSort (0ms)
		DisableScriptedObjects (30ms)
		BackupInstance (0ms)
		ReleaseScriptingObjects (0ms)
		CreateAndSetChildDomain (66ms)
	RebuildCommonClasses (80ms)
	RebuildNativeTypeToScriptingClass (33ms)
	initialDomainReloadingComplete (48ms)
	LoadAllAssembliesAndSetupDomain (789ms)
		LoadAssemblies (646ms)
		RebuildTransferFunctionScriptingTraits (0ms)
		AnalyzeDomain (356ms)
			TypeCache.Refresh (16ms)
				TypeCache.ScanAssembly (4ms)
			BuildScriptInfoCaches (323ms)
			ResolveRequiredComponents (12ms)
	FinalizeReload (1218ms)
		ReleaseScriptCaches (0ms)
		RebuildScriptCaches (0ms)
		SetupLoadedEditorAssemblies (911ms)
			LogAssemblyErrors (0ms)
			InitializePlatformSupportModulesInManaged (29ms)
			SetLoadedEditorAssemblies (11ms)
			BeforeProcessingInitializeOnLoad (212ms)
			ProcessInitializeOnLoadAttributes (578ms)
			ProcessInitializeOnLoadMethodAttributes (78ms)
			AfterProcessingInitializeOnLoad (4ms)
			EditorAssembliesLoaded (0ms)
		ExecutionOrderSort2 (0ms)
		AwakeInstancesAfterBackupRestoration (17ms)
Refreshing native plugins compatible for Editor in 5.40 ms, found 4 plugins.
Preloading 0 native plugins for Editor in 0.00 ms.
Unloading 0 Unused Serialized files (Serialized files now loaded: 0)
Unloading 4356 unused Assets / (131.0 KB). Loaded Objects now: 4897.
Memory consumption went from 93.4 MB to 93.3 MB.
Total: 23.119200 ms (FindLiveObjects: 1.076300 ms CreateObjectMapping: 3.322600 ms MarkObjects: 14.854200 ms  DeleteObjects: 3.863800 ms)

Prepare: number of updated asset objects reloaded= 0
========================================================================
Received Prepare
Begin MonoManager ReloadAssembly
- Loaded All Assemblies, in  1.302 seconds
Refreshing native plugins compatible for Editor in 3.81 ms, found 4 plugins.
Native extension for Android target not found
Native extension for UWP target not found
Native extension for WindowsStandalone target not found
Mono: successfully reloaded assembly
- Finished resetting the current domain, in  1.171 seconds
Domain Reload Profiling: 2474ms
	BeginReloadAssembly (366ms)
		ExecutionOrderSort (0ms)
		DisableScriptedObjects (30ms)
		BackupInstance (0ms)
		ReleaseScriptingObjects (0ms)
		CreateAndSetChildDomain (69ms)
	RebuildCommonClasses (87ms)
	RebuildNativeTypeToScriptingClass (33ms)
	initialDomainReloadingComplete (52ms)
	LoadAllAssembliesAndSetupDomain (765ms)
		LoadAssemblies (659ms)
		RebuildTransferFunctionScriptingTraits (0ms)
		AnalyzeDomain (318ms)
			TypeCache.Refresh (9ms)
				TypeCache.ScanAssembly (0ms)
			BuildScriptInfoCaches (290ms)
			ResolveRequiredComponents (14ms)
	FinalizeReload (1172ms)
		ReleaseScriptCaches (0ms)
		RebuildScriptCaches (0ms)
		SetupLoadedEditorAssemblies (910ms)
			LogAssemblyErrors (0ms)
			InitializePlatformSupportModulesInManaged (24ms)
			SetLoadedEditorAssemblies (8ms)
			BeforeProcessingInitializeOnLoad (189ms)
			ProcessInitializeOnLoadAttributes (599ms)
			ProcessInitializeOnLoadMethodAttributes (84ms)
			AfterProcessingInitializeOnLoad (4ms)
			EditorAssembliesLoaded (0ms)
		ExecutionOrderSort2 (0ms)
		AwakeInstancesAfterBackupRestoration (19ms)
Refreshing native plugins compatible for Editor in 5.67 ms, found 4 plugins.
Preloading 0 native plugins for Editor in 0.00 ms.
Unloading 0 Unused Serialized files (Serialized files now loaded: 0)
Unloading 4356 unused Assets / (1.1 MB). Loaded Objects now: 4899.
Memory consumption went from 93.4 MB to 92.3 MB.
Total: 16.897300 ms (FindLiveObjects: 0.999400 ms CreateObjectMapping: 0.480800 ms MarkObjects: 13.155800 ms  DeleteObjects: 2.259400 ms)

Prepare: number of updated asset objects reloaded= 0
========================================================================
Received Prepare
Begin MonoManager ReloadAssembly
- Loaded All Assemblies, in  1.281 seconds
Refreshing native plugins compatible for Editor in 5.26 ms, found 4 plugins.
Native extension for Android target not found
Native extension for UWP target not found
Native extension for WindowsStandalone target not found
Mono: successfully reloaded assembly
- Finished resetting the current domain, in  1.259 seconds
Domain Reload Profiling: 2540ms
	BeginReloadAssembly (364ms)
		ExecutionOrderSort (0ms)
		DisableScriptedObjects (32ms)
		BackupInstance (0ms)
		ReleaseScriptingObjects (0ms)
		CreateAndSetChildDomain (71ms)
	RebuildCommonClasses (86ms)
	RebuildNativeTypeToScriptingClass (30ms)
	initialDomainReloadingComplete (52ms)
	LoadAllAssembliesAndSetupDomain (748ms)
		LoadAssemblies (623ms)
		RebuildTransferFunctionScriptingTraits (0ms)
		AnalyzeDomain (333ms)
			TypeCache.Refresh (15ms)
				TypeCache.ScanAssembly (2ms)
			BuildScriptInfoCaches (300ms)
			ResolveRequiredComponents (13ms)
	FinalizeReload (1260ms)
		ReleaseScriptCaches (0ms)
		RebuildScriptCaches (0ms)
		SetupLoadedEditorAssemblies (970ms)
			LogAssemblyErrors (0ms)
			InitializePlatformSupportModulesInManaged (28ms)
			SetLoadedEditorAssemblies (9ms)
			BeforeProcessingInitializeOnLoad (185ms)
			ProcessInitializeOnLoadAttributes (668ms)
			ProcessInitializeOnLoadMethodAttributes (76ms)
			AfterProcessingInitializeOnLoad (4ms)
			EditorAssembliesLoaded (0ms)
		ExecutionOrderSort2 (0ms)
		AwakeInstancesAfterBackupRestoration (13ms)
Refreshing native plugins compatible for Editor in 5.06 ms, found 4 plugins.
Preloading 0 native plugins for Editor in 0.00 ms.
Unloading 0 Unused Serialized files (Serialized files now loaded: 0)
Unloading 4356 unused Assets / (0.9 MB). Loaded Objects now: 4901.
Memory consumption went from 93.4 MB to 92.5 MB.
Total: 13.852600 ms (FindLiveObjects: 1.004900 ms CreateObjectMapping: 0.462600 ms MarkObjects: 10.132900 ms  DeleteObjects: 2.249600 ms)

Prepare: number of updated asset objects reloaded= 0
========================================================================
Received Prepare
Begin MonoManager ReloadAssembly
- Loaded All Assemblies, in  1.286 seconds
Refreshing native plugins compatible for Editor in 4.63 ms, found 4 plugins.
Native extension for Android target not found
Native extension for UWP target not found
Native extension for WindowsStandalone target not found
Mono: successfully reloaded assembly
- Finished resetting the current domain, in  1.243 seconds
Domain Reload Profiling: 2530ms
	BeginReloadAssembly (368ms)
		ExecutionOrderSort (0ms)
		DisableScriptedObjects (31ms)
		BackupInstance (0ms)
		ReleaseScriptingObjects (0ms)
		CreateAndSetChildDomain (70ms)
	RebuildCommonClasses (91ms)
	RebuildNativeTypeToScriptingClass (31ms)
	initialDomainReloadingComplete (58ms)
	LoadAllAssembliesAndSetupDomain (738ms)
		LoadAssemblies (635ms)
		RebuildTransferFunctionScriptingTraits (0ms)
		AnalyzeDomain (317ms)
			TypeCache.Refresh (10ms)
				TypeCache.ScanAssembly (0ms)
			BuildScriptInfoCaches (286ms)
			ResolveRequiredComponents (15ms)
	FinalizeReload (1244ms)
		ReleaseScriptCaches (0ms)
		RebuildScriptCaches (0ms)
		SetupLoadedEditorAssemblies (976ms)
			LogAssemblyErrors (0ms)
			InitializePlatformSupportModulesInManaged (24ms)
			SetLoadedEditorAssemblies (12ms)
			BeforeProcessingInitializeOnLoad (223ms)
			ProcessInitializeOnLoadAttributes (631ms)
			ProcessInitializeOnLoadMethodAttributes (81ms)
			AfterProcessingInitializeOnLoad (5ms)
			EditorAssembliesLoaded (0ms)
		ExecutionOrderSort2 (0ms)
		AwakeInstancesAfterBackupRestoration (16ms)
Refreshing native plugins compatible for Editor in 8.52 ms, found 4 plugins.
Preloading 0 native plugins for Editor in 0.00 ms.
Unloading 0 Unused Serialized files (Serialized files now loaded: 0)
Unloading 4356 unused Assets / (302.5 KB). Loaded Objects now: 4903.
Memory consumption went from 93.4 MB to 93.1 MB.
Total: 16.573700 ms (FindLiveObjects: 1.100300 ms CreateObjectMapping: 0.641400 ms MarkObjects: 12.679000 ms  DeleteObjects: 2.150700 ms)

Prepare: number of updated asset objects reloaded= 0
========================================================================
Received Prepare
Begin MonoManager ReloadAssembly
- Loaded All Assemblies, in  1.291 seconds
Refreshing native plugins compatible for Editor in 3.97 ms, found 4 plugins.
Native extension for Android target not found
Native extension for UWP target not found
Native extension for WindowsStandalone target not found
Mono: successfully reloaded assembly
- Finished resetting the current domain, in  1.181 seconds
Domain Reload Profiling: 2474ms
	BeginReloadAssembly (383ms)
		ExecutionOrderSort (0ms)
		DisableScriptedObjects (31ms)
		BackupInstance (0ms)
		ReleaseScriptingObjects (0ms)
		CreateAndSetChildDomain (72ms)
	RebuildCommonClasses (75ms)
	RebuildNativeTypeToScriptingClass (30ms)
	initialDomainReloadingComplete (53ms)
	LoadAllAssembliesAndSetupDomain (751ms)
		LoadAssemblies (645ms)
		RebuildTransferFunctionScriptingTraits (0ms)
		AnalyzeDomain (326ms)
			TypeCache.Refresh (12ms)
				TypeCache.ScanAssembly (0ms)
			BuildScriptInfoCaches (295ms)
			ResolveRequiredComponents (13ms)
	FinalizeReload (1182ms)
		ReleaseScriptCaches (0ms)
		RebuildScriptCaches (0ms)
		SetupLoadedEditorAssemblies (898ms)
			LogAssemblyErrors (0ms)
			InitializePlatformSupportModulesInManaged (23ms)
			SetLoadedEditorAssemblies (10ms)
			BeforeProcessingInitializeOnLoad (227ms)
			ProcessInitializeOnLoadAttributes (553ms)
			ProcessInitializeOnLoadMethodAttributes (79ms)
			AfterProcessingInitializeOnLoad (5ms)
			EditorAssembliesLoaded (0ms)
		ExecutionOrderSort2 (0ms)
		AwakeInstancesAfterBackupRestoration (17ms)
Refreshing native plugins compatible for Editor in 5.70 ms, found 4 plugins.
Preloading 0 native plugins for Editor in 0.00 ms.
Unloading 0 Unused Serialized files (Serialized files now loaded: 0)
Unloading 4356 unused Assets / (131.0 KB). Loaded Objects now: 4905.
Memory consumption went from 93.4 MB to 93.3 MB.
Total: 14.113300 ms (FindLiveObjects: 0.902200 ms CreateObjectMapping: 0.509500 ms MarkObjects: 10.779900 ms  DeleteObjects: 1.919600 ms)

Prepare: number of updated asset objects reloaded= 0
========================================================================
Received Import Request.
  Time since last request: 417.090548 seconds.
  path: Assets/Prefabs/Enviroment/HorizontalBarrier2_0.prefab
  artifactKey: Guid(d2f161e7c5f2d994493d2a9d698a4aac) Importer(815301076,1909f56bfc062723c751e8b465ee728b)
Start importing Assets/Prefabs/Enviroment/HorizontalBarrier2_0.prefab using Guid(d2f161e7c5f2d994493d2a9d698a4aac) Importer(815301076,1909f56bfc062723c751e8b465ee728b) (PreviewImporter) -> (artifact id: 'c052af778f71de0fdea19c3040e38283') in 0.1521862 seconds
Number of updated asset objects reloaded before import = 0Number of asset objects unloaded after import = 80

========================================================================
Received Import Request.
  Time since last request: 55.734729 seconds.
  path: Assets/Prefabs/Enviroment/HorizontalBarrier2_0.prefab
  artifactKey: Guid(d2f161e7c5f2d994493d2a9d698a4aac) Importer(815301076,1909f56bfc062723c751e8b465ee728b)
Start importing Assets/Prefabs/Enviroment/HorizontalBarrier2_0.prefab using Guid(d2f161e7c5f2d994493d2a9d698a4aac) Importer(815301076,1909f56bfc062723c751e8b465ee728b) (PreviewImporter) -> (artifact id: 'b463b70b6552e9b3fb3336320f0930a7') in 0.026418 seconds
Number of updated asset objects reloaded before import = 0Number of asset objects unloaded after import = 80

========================================================================
Received Import Request.
  Time since last request: 4.266991 seconds.
  path: Assets/Prefabs/Enviroment/HorizontalBarrier2_0.prefab
  artifactKey: Guid(d2f161e7c5f2d994493d2a9d698a4aac) Importer(815301076,1909f56bfc062723c751e8b465ee728b)
Start importing Assets/Prefabs/Enviroment/HorizontalBarrier2_0.prefab using Guid(d2f161e7c5f2d994493d2a9d698a4aac) Importer(815301076,1909f56bfc062723c751e8b465ee728b) (PreviewImporter) -> (artifact id: '2c7473dd5702a3c3efab335a88be6468') in 0.0244274 seconds
Number of updated asset objects reloaded before import = 0Number of asset objects unloaded after import = 80

========================================================================
Received Import Request.
  Time since last request: 38.582563 seconds.
  path: Assets/Prefabs/Enviroment/HorizontalBarrier2_0.prefab
  artifactKey: Guid(d2f161e7c5f2d994493d2a9d698a4aac) Importer(815301076,1909f56bfc062723c751e8b465ee728b)
Start importing Assets/Prefabs/Enviroment/HorizontalBarrier2_0.prefab using Guid(d2f161e7c5f2d994493d2a9d698a4aac) Importer(815301076,1909f56bfc062723c751e8b465ee728b) (PreviewImporter) -> (artifact id: '587327f0302b5175ec9543219d998e41') in 0.0238222 seconds
Number of updated asset objects reloaded before import = 0Number of asset objects unloaded after import = 80

========================================================================
Received Import Request.
  Time since last request: 6.992775 seconds.
  path: Assets/Prefabs/Enviroment/HorizontalBarrier3_0.prefab
  artifactKey: Guid(d75ed3e12d3dc2e428f20e4188128ea3) Importer(815301076,1909f56bfc062723c751e8b465ee728b)
Start importing Assets/Prefabs/Enviroment/HorizontalBarrier3_0.prefab using Guid(d75ed3e12d3dc2e428f20e4188128ea3) Importer(815301076,1909f56bfc062723c751e8b465ee728b) (PreviewImporter) -> (artifact id: '9e8e5e664e0cdbebdcb926ddd1a3284f') in 0.0214314 seconds
Number of updated asset objects reloaded before import = 0Number of asset objects unloaded after import = 73

========================================================================
Received Import Request.
  Time since last request: 0.005306 seconds.
  path: Assets/Prefabs/Enviroment/HorizontalBarrier2_0.prefab
  artifactKey: Guid(d2f161e7c5f2d994493d2a9d698a4aac) Importer(815301076,1909f56bfc062723c751e8b465ee728b)
Start importing Assets/Prefabs/Enviroment/HorizontalBarrier2_0.prefab using Guid(d2f161e7c5f2d994493d2a9d698a4aac) Importer(815301076,1909f56bfc062723c751e8b465ee728b) (PreviewImporter) -> (artifact id: 'd781f4fefe050e786b45d078c9352c90') in 0.0288277 seconds
Number of updated asset objects reloaded before import = 0Number of asset objects unloaded after import = 80

========================================================================
Received Import Request.
  Time since last request: 0.000031 seconds.
  path: Assets/Prefabs/Enviroment/poolmat_0.prefab
  artifactKey: Guid(9a6ff90c04e58e442aa9f89dbd34978f) Importer(815301076,1909f56bfc062723c751e8b465ee728b)
Start importing Assets/Prefabs/Enviroment/poolmat_0.prefab using Guid(9a6ff90c04e58e442aa9f89dbd34978f) Importer(815301076,1909f56bfc062723c751e8b465ee728b) (PreviewImporter) -> (artifact id: '5c10f661ac6d192c6a2385f0244a5d51') in 0.0237124 seconds
Number of updated asset objects reloaded before import = 0Number of asset objects unloaded after import = 73

========================================================================
Received Import Request.
  Time since last request: 0.000030 seconds.
  path: Assets/Prefabs/Enviroment/VerticalBarrier5_0.prefab
  artifactKey: Guid(dfdd39eb39a53d542bb2d995f71c28b8) Importer(815301076,1909f56bfc062723c751e8b465ee728b)
Start importing Assets/Prefabs/Enviroment/VerticalBarrier5_0.prefab using Guid(dfdd39eb39a53d542bb2d995f71c28b8) Importer(815301076,1909f56bfc062723c751e8b465ee728b) (PreviewImporter) -> (artifact id: '71ced897b90d6ea9b9cfe0c5c87a7e2b') in 0.0309595 seconds
Number of updated asset objects reloaded before import = 0Number of asset objects unloaded after import = 73

========================================================================
Received Import Request.
  Time since last request: 0.000402 seconds.
  path: Assets/Prefabs/Enviroment/HorizontalBarrier_blue.prefab
  artifactKey: Guid(ed4381e4e935c90418ef425eb0a648d1) Importer(815301076,1909f56bfc062723c751e8b465ee728b)
Start importing Assets/Prefabs/Enviroment/HorizontalBarrier_blue.prefab using Guid(ed4381e4e935c90418ef425eb0a648d1) Importer(815301076,1909f56bfc062723c751e8b465ee728b) (PreviewImporter) -> (artifact id: '3920c0956141fb1dad06ca0fd207d9e0') in 0.0280968 seconds
Number of updated asset objects reloaded before import = 0Number of asset objects unloaded after import = 73

========================================================================
Received Import Request.
  Time since last request: 0.000030 seconds.
  path: Assets/Prefabs/Enviroment/VerticalBarrier1_0.prefab
  artifactKey: Guid(d6e650186b1685145aa2bdea3907131c) Importer(815301076,1909f56bfc062723c751e8b465ee728b)
Start importing Assets/Prefabs/Enviroment/VerticalBarrier1_0.prefab using Guid(d6e650186b1685145aa2bdea3907131c) Importer(815301076,1909f56bfc062723c751e8b465ee728b) (PreviewImporter) -> (artifact id: '50772764989cdb2d6fd9a96aa6f35ded') in 0.0259605 seconds
Number of updated asset objects reloaded before import = 0Number of asset objects unloaded after import = 73

========================================================================
Received Import Request.
  Time since last request: 3.759078 seconds.
  path: Assets/Prefabs/Enviroment/HorizontalBarrier4_0.prefab
  artifactKey: Guid(fd8a2b4399c2d8d4bb82edb11d847be7) Importer(815301076,1909f56bfc062723c751e8b465ee728b)
Start importing Assets/Prefabs/Enviroment/HorizontalBarrier4_0.prefab using Guid(fd8a2b4399c2d8d4bb82edb11d847be7) Importer(815301076,1909f56bfc062723c751e8b465ee728b) (PreviewImporter) -> (artifact id: '936fe56a98812d3201073e0f4010bcfa') in 0.0252612 seconds
Number of updated asset objects reloaded before import = 0Number of asset objects unloaded after import = 74

========================================================================
Received Import Request.
  Time since last request: 0.000024 seconds.
  path: Assets/Prefabs/Enviroment/HorizontalBarrier2_0.prefab
  artifactKey: Guid(d2f161e7c5f2d994493d2a9d698a4aac) Importer(815301076,1909f56bfc062723c751e8b465ee728b)
Start importing Assets/Prefabs/Enviroment/HorizontalBarrier2_0.prefab using Guid(d2f161e7c5f2d994493d2a9d698a4aac) Importer(815301076,1909f56bfc062723c751e8b465ee728b) (PreviewImporter) -> (artifact id: 'fbde7901b3b687b95af00b24edec8414') in 0.0243595 seconds
Number of updated asset objects reloaded before import = 0Number of asset objects unloaded after import = 81

========================================================================
Received Import Request.
  Time since last request: 0.000028 seconds.
  path: Assets/Prefabs/Enviroment/poolmat_0.prefab
  artifactKey: Guid(9a6ff90c04e58e442aa9f89dbd34978f) Importer(815301076,1909f56bfc062723c751e8b465ee728b)
Start importing Assets/Prefabs/Enviroment/poolmat_0.prefab using Guid(9a6ff90c04e58e442aa9f89dbd34978f) Importer(815301076,1909f56bfc062723c751e8b465ee728b) (PreviewImporter) -> (artifact id: '45156ce78865ec84339411a0eb20d9ac') in 0.0242394 seconds
Number of updated asset objects reloaded before import = 0Number of asset objects unloaded after import = 74

========================================================================
Received Import Request.
  Time since last request: 0.000029 seconds.
  path: Assets/Prefabs/Enviroment/HorizontalBarrier_blue.prefab
  artifactKey: Guid(ed4381e4e935c90418ef425eb0a648d1) Importer(815301076,1909f56bfc062723c751e8b465ee728b)
Start importing Assets/Prefabs/Enviroment/HorizontalBarrier_blue.prefab using Guid(ed4381e4e935c90418ef425eb0a648d1) Importer(815301076,1909f56bfc062723c751e8b465ee728b) (PreviewImporter) -> (artifact id: '854847444cc269f260e62f6bbfd0d91d') in 0.0245002 seconds
Number of updated asset objects reloaded before import = 0Number of asset objects unloaded after import = 74

========================================================================
Received Import Request.
  Time since last request: 0.000028 seconds.
  path: Assets/Prefabs/Enviroment/VerticalBarrier1_0.prefab
  artifactKey: Guid(d6e650186b1685145aa2bdea3907131c) Importer(815301076,1909f56bfc062723c751e8b465ee728b)
Start importing Assets/Prefabs/Enviroment/VerticalBarrier1_0.prefab using Guid(d6e650186b1685145aa2bdea3907131c) Importer(815301076,1909f56bfc062723c751e8b465ee728b) (PreviewImporter) -> (artifact id: '0ba10710b61fba5823aa10c9508235bd') in 0.0245193 seconds
Number of updated asset objects reloaded before import = 0Number of asset objects unloaded after import = 74

========================================================================
Received Import Request.
  Time since last request: 0.000040 seconds.
  path: Assets/Prefabs/Enviroment/HorizontalBarrier3_0.prefab
  artifactKey: Guid(d75ed3e12d3dc2e428f20e4188128ea3) Importer(815301076,1909f56bfc062723c751e8b465ee728b)
Start importing Assets/Prefabs/Enviroment/HorizontalBarrier3_0.prefab using Guid(d75ed3e12d3dc2e428f20e4188128ea3) Importer(815301076,1909f56bfc062723c751e8b465ee728b) (PreviewImporter) -> (artifact id: '4492739cb542786fcc31f8b3e935a97a') in 0.0244161 seconds
Number of updated asset objects reloaded before import = 0Number of asset objects unloaded after import = 74

========================================================================
Received Import Request.
  Time since last request: 4.606699 seconds.
  path: Assets/Prefabs/Enviroment/HorizontalBarrier4_0.prefab
  artifactKey: Guid(fd8a2b4399c2d8d4bb82edb11d847be7) Importer(815301076,1909f56bfc062723c751e8b465ee728b)
Start importing Assets/Prefabs/Enviroment/HorizontalBarrier4_0.prefab using Guid(fd8a2b4399c2d8d4bb82edb11d847be7) Importer(815301076,1909f56bfc062723c751e8b465ee728b) (PreviewImporter) -> (artifact id: '1d7b7226fb8ac7451c7efe91d3cb0fea') in 0.0259627 seconds
Number of updated asset objects reloaded before import = 0Number of asset objects unloaded after import = 73

========================================================================
Received Import Request.
  Time since last request: 0.000027 seconds.
  path: Assets/Prefabs/Enviroment/poolmat_0.prefab
  artifactKey: Guid(9a6ff90c04e58e442aa9f89dbd34978f) Importer(815301076,1909f56bfc062723c751e8b465ee728b)
Start importing Assets/Prefabs/Enviroment/poolmat_0.prefab using Guid(9a6ff90c04e58e442aa9f89dbd34978f) Importer(815301076,1909f56bfc062723c751e8b465ee728b) (PreviewImporter) -> (artifact id: '7c9319c6a19e5fd7770893abdea74762') in 0.0238812 seconds
Number of updated asset objects reloaded before import = 0Number of asset objects unloaded after import = 66

========================================================================
Received Import Request.
  Time since last request: 0.000039 seconds.
  path: Assets/Prefabs/Enviroment/HorizontalBarrier_blue.prefab
  artifactKey: Guid(ed4381e4e935c90418ef425eb0a648d1) Importer(815301076,1909f56bfc062723c751e8b465ee728b)
Start importing Assets/Prefabs/Enviroment/HorizontalBarrier_blue.prefab using Guid(ed4381e4e935c90418ef425eb0a648d1) Importer(815301076,1909f56bfc062723c751e8b465ee728b) (PreviewImporter) -> (artifact id: '7a7ccd137ada9c52fd3f2ae916fff784') in 0.0228571 seconds
Number of updated asset objects reloaded before import = 0Number of asset objects unloaded after import = 66

========================================================================
Received Import Request.
  Time since last request: 0.000027 seconds.
  path: Assets/Prefabs/Enviroment/VerticalBarrier1_0.prefab
  artifactKey: Guid(d6e650186b1685145aa2bdea3907131c) Importer(815301076,1909f56bfc062723c751e8b465ee728b)
Start importing Assets/Prefabs/Enviroment/VerticalBarrier1_0.prefab using Guid(d6e650186b1685145aa2bdea3907131c) Importer(815301076,1909f56bfc062723c751e8b465ee728b) (PreviewImporter) -> (artifact id: '95cf01bb219fb74ed22a0d21b21ccd60') in 0.0210197 seconds
Number of updated asset objects reloaded before import = 0Number of asset objects unloaded after import = 66

========================================================================
Received Import Request.
  Time since last request: 0.000022 seconds.
  path: Assets/Prefabs/Enviroment/VerticalBarrier3_0.prefab
  artifactKey: Guid(b56e033bba0b5954ea7c6f7be9e68839) Importer(815301076,1909f56bfc062723c751e8b465ee728b)
Start importing Assets/Prefabs/Enviroment/VerticalBarrier3_0.prefab using Guid(b56e033bba0b5954ea7c6f7be9e68839) Importer(815301076,1909f56bfc062723c751e8b465ee728b) (PreviewImporter) -> (artifact id: 'c9566f89a165b9498f06afda07bab666') in 0.0206942 seconds
Number of updated asset objects reloaded before import = 0Number of asset objects unloaded after import = 66

========================================================================
Received Import Request.
  Time since last request: 4.793712 seconds.
  path: Assets/Prefabs/Enviroment/HorizontalBarrier5_0.prefab
  artifactKey: Guid(8499a30cc1236ed4fbcdf724f7ffa60c) Importer(815301076,1909f56bfc062723c751e8b465ee728b)
Start importing Assets/Prefabs/Enviroment/HorizontalBarrier5_0.prefab using Guid(8499a30cc1236ed4fbcdf724f7ffa60c) Importer(815301076,1909f56bfc062723c751e8b465ee728b) (PreviewImporter) -> (artifact id: 'f9d219165b2cff470c6093669c60a15b') in 0.0205353 seconds
Number of updated asset objects reloaded before import = 0Number of asset objects unloaded after import = 66

========================================================================
Received Import Request.
  Time since last request: 0.000027 seconds.
  path: Assets/Prefabs/Enviroment/poolmat_0.prefab
  artifactKey: Guid(9a6ff90c04e58e442aa9f89dbd34978f) Importer(815301076,1909f56bfc062723c751e8b465ee728b)
Start importing Assets/Prefabs/Enviroment/poolmat_0.prefab using Guid(9a6ff90c04e58e442aa9f89dbd34978f) Importer(815301076,1909f56bfc062723c751e8b465ee728b) (PreviewImporter) -> (artifact id: '0f8f91c6a44215970a1ae63b96c282bb') in 0.0276586 seconds
Number of updated asset objects reloaded before import = 0Number of asset objects unloaded after import = 66

========================================================================
Received Import Request.
  Time since last request: 0.000026 seconds.
  path: Assets/Prefabs/Enviroment/VerticalBarrier4_0.prefab
  artifactKey: Guid(7475bf14dd93a49459f9815aca8a1ddf) Importer(815301076,1909f56bfc062723c751e8b465ee728b)
Start importing Assets/Prefabs/Enviroment/VerticalBarrier4_0.prefab using Guid(7475bf14dd93a49459f9815aca8a1ddf) Importer(815301076,1909f56bfc062723c751e8b465ee728b) (PreviewImporter) -> (artifact id: 'b0feae0faf40af2cff7c81e15860351b') in 0.0252549 seconds
Number of updated asset objects reloaded before import = 0Number of asset objects unloaded after import = 66

========================================================================
Received Import Request.
  Time since last request: 4.236821 seconds.
  path: Assets/Prefabs/Enviroment/HorizontalBarrier_blue.prefab
  artifactKey: Guid(ed4381e4e935c90418ef425eb0a648d1) Importer(815301076,1909f56bfc062723c751e8b465ee728b)
Start importing Assets/Prefabs/Enviroment/HorizontalBarrier_blue.prefab using Guid(ed4381e4e935c90418ef425eb0a648d1) Importer(815301076,1909f56bfc062723c751e8b465ee728b) (PreviewImporter) -> (artifact id: '3595e7f32fbbc793c562f82e0e618ada') in 0.0251358 seconds
Number of updated asset objects reloaded before import = 0Number of asset objects unloaded after import = 66

========================================================================
Received Import Request.
  Time since last request: 0.000027 seconds.
  path: Assets/Prefabs/Enviroment/HorizontalBarrier5_0.prefab
  artifactKey: Guid(8499a30cc1236ed4fbcdf724f7ffa60c) Importer(815301076,1909f56bfc062723c751e8b465ee728b)
Start importing Assets/Prefabs/Enviroment/HorizontalBarrier5_0.prefab using Guid(8499a30cc1236ed4fbcdf724f7ffa60c) Importer(815301076,1909f56bfc062723c751e8b465ee728b) (PreviewImporter) -> (artifact id: '86b6dbf3988ced357661372a6cf50bd2') in 0.0250292 seconds
Number of updated asset objects reloaded before import = 0Number of asset objects unloaded after import = 66

========================================================================
Received Import Request.
  Time since last request: 0.000027 seconds.
  path: Assets/Prefabs/Enviroment/VerticalBarrier4_0.prefab
  artifactKey: Guid(7475bf14dd93a49459f9815aca8a1ddf) Importer(815301076,1909f56bfc062723c751e8b465ee728b)
Start importing Assets/Prefabs/Enviroment/VerticalBarrier4_0.prefab using Guid(7475bf14dd93a49459f9815aca8a1ddf) Importer(815301076,1909f56bfc062723c751e8b465ee728b) (PreviewImporter) -> (artifact id: '060dccd44608b6487f7d38f0b2027fc8') in 0.0256819 seconds
Number of updated asset objects reloaded before import = 0Number of asset objects unloaded after import = 66

========================================================================
Received Prepare
Begin MonoManager ReloadAssembly
- Loaded All Assemblies, in  1.448 seconds
Refreshing native plugins compatible for Editor in 4.54 ms, found 4 plugins.
Native extension for Android target not found
Native extension for UWP target not found
Native extension for WindowsStandalone target not found
Mono: successfully reloaded assembly
- Finished resetting the current domain, in  1.356 seconds
Domain Reload Profiling: 2805ms
	BeginReloadAssembly (403ms)
		ExecutionOrderSort (0ms)
		DisableScriptedObjects (33ms)
		BackupInstance (0ms)
		ReleaseScriptingObjects (0ms)
		CreateAndSetChildDomain (86ms)
	RebuildCommonClasses (86ms)
	RebuildNativeTypeToScriptingClass (36ms)
	initialDomainReloadingComplete (62ms)
	LoadAllAssembliesAndSetupDomain (861ms)
		LoadAssemblies (750ms)
		RebuildTransferFunctionScriptingTraits (0ms)
		AnalyzeDomain (338ms)
			TypeCache.Refresh (12ms)
				TypeCache.ScanAssembly (0ms)
			BuildScriptInfoCaches (307ms)
			ResolveRequiredComponents (14ms)
	FinalizeReload (1356ms)
		ReleaseScriptCaches (0ms)
		RebuildScriptCaches (0ms)
		SetupLoadedEditorAssemblies (1067ms)
			LogAssemblyErrors (0ms)
			InitializePlatformSupportModulesInManaged (24ms)
			SetLoadedEditorAssemblies (9ms)
			BeforeProcessingInitializeOnLoad (256ms)
			ProcessInitializeOnLoadAttributes (689ms)
			ProcessInitializeOnLoadMethodAttributes (86ms)
			AfterProcessingInitializeOnLoad (4ms)
			EditorAssembliesLoaded (0ms)
		ExecutionOrderSort2 (0ms)
		AwakeInstancesAfterBackupRestoration (20ms)
Refreshing native plugins compatible for Editor in 5.60 ms, found 4 plugins.
Preloading 0 native plugins for Editor in 0.00 ms.
Unloading 0 Unused Serialized files (Serialized files now loaded: 0)
Unloading 4356 unused Assets / (1.0 MB). Loaded Objects now: 4907.
Memory consumption went from 93.4 MB to 92.5 MB.
Total: 12.975600 ms (FindLiveObjects: 0.948100 ms CreateObjectMapping: 0.505100 ms MarkObjects: 9.480900 ms  DeleteObjects: 2.039500 ms)

Prepare: number of updated asset objects reloaded= 0
========================================================================
Received Import Request.
  Time since last request: 90.582564 seconds.
  path: Assets/Prefabs/Enviroment/HorizontalBarrier2_0.prefab
  artifactKey: Guid(d2f161e7c5f2d994493d2a9d698a4aac) Importer(815301076,1909f56bfc062723c751e8b465ee728b)
Start importing Assets/Prefabs/Enviroment/HorizontalBarrier2_0.prefab using Guid(d2f161e7c5f2d994493d2a9d698a4aac) Importer(815301076,1909f56bfc062723c751e8b465ee728b) (PreviewImporter) -> (artifact id: '278b9782dfaa222ec1581cc82382c42c') in 0.1468454 seconds
Number of updated asset objects reloaded before import = 0Number of asset objects unloaded after import = 73

========================================================================
Received Import Request.
  Time since last request: 5.153732 seconds.
  path: Assets/Prefabs/Enviroment/HorizontalBarrier3_0.prefab
  artifactKey: Guid(d75ed3e12d3dc2e428f20e4188128ea3) Importer(815301076,1909f56bfc062723c751e8b465ee728b)
Start importing Assets/Prefabs/Enviroment/HorizontalBarrier3_0.prefab using Guid(d75ed3e12d3dc2e428f20e4188128ea3) Importer(815301076,1909f56bfc062723c751e8b465ee728b) (PreviewImporter) -> (artifact id: 'bac672ed9f50995a0d2dfee2f0a805ea') in 0.0215575 seconds
Number of updated asset objects reloaded before import = 0Number of asset objects unloaded after import = 66

========================================================================
Received Import Request.
  Time since last request: 0.005743 seconds.
  path: Assets/Prefabs/Enviroment/HorizontalBarrier2_0.prefab
  artifactKey: Guid(d2f161e7c5f2d994493d2a9d698a4aac) Importer(815301076,1909f56bfc062723c751e8b465ee728b)
Start importing Assets/Prefabs/Enviroment/HorizontalBarrier2_0.prefab using Guid(d2f161e7c5f2d994493d2a9d698a4aac) Importer(815301076,1909f56bfc062723c751e8b465ee728b) (PreviewImporter) -> (artifact id: '7cbf05155fdb9b17e94326b65349f900') in 0.0280715 seconds
Number of updated asset objects reloaded before import = 0Number of asset objects unloaded after import = 73

========================================================================
Received Import Request.
  Time since last request: 0.000785 seconds.
  path: Assets/Prefabs/Enviroment/poolmat_0.prefab
  artifactKey: Guid(9a6ff90c04e58e442aa9f89dbd34978f) Importer(815301076,1909f56bfc062723c751e8b465ee728b)
Start importing Assets/Prefabs/Enviroment/poolmat_0.prefab using Guid(9a6ff90c04e58e442aa9f89dbd34978f) Importer(815301076,1909f56bfc062723c751e8b465ee728b) (PreviewImporter) -> (artifact id: 'fa2b00bd223a39cd3efb7bc7da6d1ca9') in 0.0232788 seconds
Number of updated asset objects reloaded before import = 0Number of asset objects unloaded after import = 66

========================================================================
Received Import Request.
  Time since last request: 0.000022 seconds.
  path: Assets/Prefabs/Enviroment/HorizontalBarrier4_0.prefab
  artifactKey: Guid(fd8a2b4399c2d8d4bb82edb11d847be7) Importer(815301076,1909f56bfc062723c751e8b465ee728b)
Start importing Assets/Prefabs/Enviroment/HorizontalBarrier4_0.prefab using Guid(fd8a2b4399c2d8d4bb82edb11d847be7) Importer(815301076,1909f56bfc062723c751e8b465ee728b) (PreviewImporter) -> (artifact id: 'c28f2d3d1a301b45e1e96fb0c6714c2b') in 0.0252312 seconds
Number of updated asset objects reloaded before import = 0Number of asset objects unloaded after import = 73

========================================================================
Received Import Request.
  Time since last request: 0.000039 seconds.
  path: Assets/Prefabs/Enviroment/VerticalBarrier2_0.prefab
  artifactKey: Guid(bf0791756007781448d87c1680e8a619) Importer(815301076,1909f56bfc062723c751e8b465ee728b)
Start importing Assets/Prefabs/Enviroment/VerticalBarrier2_0.prefab using Guid(bf0791756007781448d87c1680e8a619) Importer(815301076,1909f56bfc062723c751e8b465ee728b) (PreviewImporter) -> (artifact id: '007dfb2b9e2385588cc43e876eb7a07a') in 0.0239667 seconds
Number of updated asset objects reloaded before import = 0Number of asset objects unloaded after import = 66

========================================================================
Received Import Request.
  Time since last request: 0.000024 seconds.
  path: Assets/Prefabs/Enviroment/VerticalBarrier4_0.prefab
  artifactKey: Guid(7475bf14dd93a49459f9815aca8a1ddf) Importer(815301076,1909f56bfc062723c751e8b465ee728b)
Start importing Assets/Prefabs/Enviroment/VerticalBarrier4_0.prefab using Guid(7475bf14dd93a49459f9815aca8a1ddf) Importer(815301076,1909f56bfc062723c751e8b465ee728b) (PreviewImporter) -> (artifact id: '7a9bab156f91e407e88d7d44b62f7361') in 0.0223221 seconds
Number of updated asset objects reloaded before import = 0Number of asset objects unloaded after import = 66

========================================================================
Received Import Request.
  Time since last request: 3.436520 seconds.
  path: Assets/Prefabs/Enviroment/HorizontalBarrier4_0.prefab
  artifactKey: Guid(fd8a2b4399c2d8d4bb82edb11d847be7) Importer(815301076,1909f56bfc062723c751e8b465ee728b)
Start importing Assets/Prefabs/Enviroment/HorizontalBarrier4_0.prefab using Guid(fd8a2b4399c2d8d4bb82edb11d847be7) Importer(815301076,1909f56bfc062723c751e8b465ee728b) (PreviewImporter) -> (artifact id: 'f3d9935eb042d00d3636d1d1a4e304ec') in 0.0212591 seconds
Number of updated asset objects reloaded before import = 0Number of asset objects unloaded after import = 73

========================================================================
Received Import Request.
  Time since last request: 4.006514 seconds.
  path: Assets/Prefabs/Enviroment/HorizontalBarrier5_0.prefab
  artifactKey: Guid(8499a30cc1236ed4fbcdf724f7ffa60c) Importer(815301076,1909f56bfc062723c751e8b465ee728b)
Start importing Assets/Prefabs/Enviroment/HorizontalBarrier5_0.prefab using Guid(8499a30cc1236ed4fbcdf724f7ffa60c) Importer(815301076,1909f56bfc062723c751e8b465ee728b) (PreviewImporter) -> (artifact id: '3f30e6b982214415b50226f26d5055d6') in 0.0199621 seconds
Number of updated asset objects reloaded before import = 0Number of asset objects unloaded after import = 66

========================================================================
Received Import Request.
  Time since last request: 0.000036 seconds.
  path: Assets/Prefabs/Enviroment/poolmat_0.prefab
  artifactKey: Guid(9a6ff90c04e58e442aa9f89dbd34978f) Importer(815301076,1909f56bfc062723c751e8b465ee728b)
Start importing Assets/Prefabs/Enviroment/poolmat_0.prefab using Guid(9a6ff90c04e58e442aa9f89dbd34978f) Importer(815301076,1909f56bfc062723c751e8b465ee728b) (PreviewImporter) -> (artifact id: 'e6f586bc711566093139f109b9b8985f') in 0.0243785 seconds
Number of updated asset objects reloaded before import = 0Number of asset objects unloaded after import = 66

========================================================================
Received Import Request.
  Time since last request: 0.000028 seconds.
  path: Assets/Prefabs/Enviroment/HorizontalBarrier_blue.prefab
  artifactKey: Guid(ed4381e4e935c90418ef425eb0a648d1) Importer(815301076,1909f56bfc062723c751e8b465ee728b)
Start importing Assets/Prefabs/Enviroment/HorizontalBarrier_blue.prefab using Guid(ed4381e4e935c90418ef425eb0a648d1) Importer(815301076,1909f56bfc062723c751e8b465ee728b) (PreviewImporter) -> (artifact id: '99d4db7da598cc97f479914561ed0890') in 0.0207319 seconds
Number of updated asset objects reloaded before import = 0Number of asset objects unloaded after import = 66

========================================================================
Received Import Request.
  Time since last request: 0.000050 seconds.
  path: Assets/Prefabs/Enviroment/VerticalBarrier1_0.prefab
  artifactKey: Guid(d6e650186b1685145aa2bdea3907131c) Importer(815301076,1909f56bfc062723c751e8b465ee728b)
Start importing Assets/Prefabs/Enviroment/VerticalBarrier1_0.prefab using Guid(d6e650186b1685145aa2bdea3907131c) Importer(815301076,1909f56bfc062723c751e8b465ee728b) (PreviewImporter) -> (artifact id: '4c159e63bfa65320fa80abb0022b3592') in 0.0209809 seconds
Number of updated asset objects reloaded before import = 0Number of asset objects unloaded after import = 66

========================================================================
Received Import Request.
  Time since last request: 0.000034 seconds.
  path: Assets/Prefabs/Enviroment/VerticalBarrier3_0.prefab
  artifactKey: Guid(b56e033bba0b5954ea7c6f7be9e68839) Importer(815301076,1909f56bfc062723c751e8b465ee728b)
Start importing Assets/Prefabs/Enviroment/VerticalBarrier3_0.prefab using Guid(b56e033bba0b5954ea7c6f7be9e68839) Importer(815301076,1909f56bfc062723c751e8b465ee728b) (PreviewImporter) -> (artifact id: '124e97b29cb5d567fdfd0699ef548848') in 0.0238045 seconds
Number of updated asset objects reloaded before import = 0Number of asset objects unloaded after import = 66

========================================================================
Received Import Request.
  Time since last request: 4.290294 seconds.
  path: Assets/Prefabs/Enviroment/HorizontalBarrier_blue.prefab
  artifactKey: Guid(ed4381e4e935c90418ef425eb0a648d1) Importer(815301076,1909f56bfc062723c751e8b465ee728b)
Start importing Assets/Prefabs/Enviroment/HorizontalBarrier_blue.prefab using Guid(ed4381e4e935c90418ef425eb0a648d1) Importer(815301076,1909f56bfc062723c751e8b465ee728b) (PreviewImporter) -> (artifact id: 'a644086eb0ac320c74748380a6c2e3c0') in 0.021465 seconds
Number of updated asset objects reloaded before import = 0Number of asset objects unloaded after import = 66

========================================================================
Received Import Request.
  Time since last request: 0.000033 seconds.
  path: Assets/Prefabs/Enviroment/HorizontalBarrier5_0.prefab
  artifactKey: Guid(8499a30cc1236ed4fbcdf724f7ffa60c) Importer(815301076,1909f56bfc062723c751e8b465ee728b)
Start importing Assets/Prefabs/Enviroment/HorizontalBarrier5_0.prefab using Guid(8499a30cc1236ed4fbcdf724f7ffa60c) Importer(815301076,1909f56bfc062723c751e8b465ee728b) (PreviewImporter) -> (artifact id: '5fa311465d6daf160a3592bdfe68e808') in 0.0230946 seconds
Number of updated asset objects reloaded before import = 0Number of asset objects unloaded after import = 66

========================================================================
Received Import Request.
  Time since last request: 0.000021 seconds.
  path: Assets/Prefabs/Enviroment/VerticalBarrier4_0.prefab
  artifactKey: Guid(7475bf14dd93a49459f9815aca8a1ddf) Importer(815301076,1909f56bfc062723c751e8b465ee728b)
Start importing Assets/Prefabs/Enviroment/VerticalBarrier4_0.prefab using Guid(7475bf14dd93a49459f9815aca8a1ddf) Importer(815301076,1909f56bfc062723c751e8b465ee728b) (PreviewImporter) -> (artifact id: '13a2497e86ceb22984321f2db919d1b4') in 0.0235638 seconds
Number of updated asset objects reloaded before import = 0Number of asset objects unloaded after import = 66

========================================================================
Received Import Request.
  Time since last request: 28.926287 seconds.
  path: Assets/Prefabs/Enviroment/poolmat_0.prefab
  artifactKey: Guid(9a6ff90c04e58e442aa9f89dbd34978f) Importer(815301076,1909f56bfc062723c751e8b465ee728b)
Start importing Assets/Prefabs/Enviroment/poolmat_0.prefab using Guid(9a6ff90c04e58e442aa9f89dbd34978f) Importer(815301076,1909f56bfc062723c751e8b465ee728b) (PreviewImporter) -> (artifact id: 'e5774fda15c20e2a35dbf4e346413e57') in 0.0102801 seconds
Number of updated asset objects reloaded before import = 0Number of asset objects unloaded after import = 8

========================================================================
Received Import Request.
  Time since last request: 0.002398 seconds.
  path: Assets/Prefabs/Enviroment/Bouy.prefab
  artifactKey: Guid(2edc72951d3a87246adbc6f787a2bf03) Importer(815301076,1909f56bfc062723c751e8b465ee728b)
Start importing Assets/Prefabs/Enviroment/Bouy.prefab using Guid(2edc72951d3a87246adbc6f787a2bf03) Importer(815301076,1909f56bfc062723c751e8b465ee728b) (PreviewImporter) -> (artifact id: 'b571c3fc5bd8febe60c096fd86eb41f5') in 0.0399308 seconds
Number of updated asset objects reloaded before import = 0Number of asset objects unloaded after import = 88

========================================================================
Received Import Request.
  Time since last request: 0.000432 seconds.
  path: Assets/Prefabs/Enviroment/VerticalBarrier4_0.prefab
  artifactKey: Guid(7475bf14dd93a49459f9815aca8a1ddf) Importer(815301076,1909f56bfc062723c751e8b465ee728b)
Start importing Assets/Prefabs/Enviroment/VerticalBarrier4_0.prefab using Guid(7475bf14dd93a49459f9815aca8a1ddf) Importer(815301076,1909f56bfc062723c751e8b465ee728b) (PreviewImporter) -> (artifact id: '56f3259af172d3cef1fc9bb6aae1b52a') in 0.0264693 seconds
Number of updated asset objects reloaded before import = 0Number of asset objects unloaded after import = 66

========================================================================
Received Import Request.
  Time since last request: 2.788440 seconds.
  path: Assets/Prefabs/Enviroment/poolmat_0.prefab
  artifactKey: Guid(9a6ff90c04e58e442aa9f89dbd34978f) Importer(815301076,1909f56bfc062723c751e8b465ee728b)
Start importing Assets/Prefabs/Enviroment/poolmat_0.prefab using Guid(9a6ff90c04e58e442aa9f89dbd34978f) Importer(815301076,1909f56bfc062723c751e8b465ee728b) (PreviewImporter) -> (artifact id: 'cbdb8e193410e6b7a4c06930c19237c2') in 0.0209494 seconds
Number of updated asset objects reloaded before import = 0Number of asset objects unloaded after import = 66

========================================================================
Received Import Request.
  Time since last request: 0.000152 seconds.
  path: Assets/Prefabs/Enviroment/HorizontalBarrier5_0.prefab
  artifactKey: Guid(8499a30cc1236ed4fbcdf724f7ffa60c) Importer(815301076,1909f56bfc062723c751e8b465ee728b)
Start importing Assets/Prefabs/Enviroment/HorizontalBarrier5_0.prefab using Guid(8499a30cc1236ed4fbcdf724f7ffa60c) Importer(815301076,1909f56bfc062723c751e8b465ee728b) (PreviewImporter) -> (artifact id: '6c77f65c85ecf55ff48acb5547134929') in 0.0247032 seconds
Number of updated asset objects reloaded before import = 0Number of asset objects unloaded after import = 66

========================================================================
Received Import Request.
  Time since last request: 0.000024 seconds.
  path: Assets/Prefabs/Enviroment/VerticalBarrier4_0.prefab
  artifactKey: Guid(7475bf14dd93a49459f9815aca8a1ddf) Importer(815301076,1909f56bfc062723c751e8b465ee728b)
Start importing Assets/Prefabs/Enviroment/VerticalBarrier4_0.prefab using Guid(7475bf14dd93a49459f9815aca8a1ddf) Importer(815301076,1909f56bfc062723c751e8b465ee728b) (PreviewImporter) -> (artifact id: '2efc9776847c977a2903c81eb98f3035') in 0.0253232 seconds
Number of updated asset objects reloaded before import = 0Number of asset objects unloaded after import = 66

========================================================================
Received Import Request.
  Time since last request: 1.978639 seconds.
  path: Assets/Prefabs/Enviroment/poolmat_0.prefab
  artifactKey: Guid(9a6ff90c04e58e442aa9f89dbd34978f) Importer(815301076,1909f56bfc062723c751e8b465ee728b)
Start importing Assets/Prefabs/Enviroment/poolmat_0.prefab using Guid(9a6ff90c04e58e442aa9f89dbd34978f) Importer(815301076,1909f56bfc062723c751e8b465ee728b) (PreviewImporter) -> (artifact id: 'af8028f79975ae32dfea777c17a26e8f') in 0.020125 seconds
Number of updated asset objects reloaded before import = 0Number of asset objects unloaded after import = 66

========================================================================
Received Import Request.
  Time since last request: 0.000024 seconds.
  path: Assets/Prefabs/Enviroment/HorizontalBarrier5_0.prefab
  artifactKey: Guid(8499a30cc1236ed4fbcdf724f7ffa60c) Importer(815301076,1909f56bfc062723c751e8b465ee728b)
Start importing Assets/Prefabs/Enviroment/HorizontalBarrier5_0.prefab using Guid(8499a30cc1236ed4fbcdf724f7ffa60c) Importer(815301076,1909f56bfc062723c751e8b465ee728b) (PreviewImporter) -> (artifact id: 'ee27cee1c3cdd6513865a5594ec1d337') in 0.0239623 seconds
Number of updated asset objects reloaded before import = 0Number of asset objects unloaded after import = 66

========================================================================
Received Import Request.
  Time since last request: 0.000032 seconds.
  path: Assets/Prefabs/Enviroment/VerticalBarrier4_0.prefab
  artifactKey: Guid(7475bf14dd93a49459f9815aca8a1ddf) Importer(815301076,1909f56bfc062723c751e8b465ee728b)
Start importing Assets/Prefabs/Enviroment/VerticalBarrier4_0.prefab using Guid(7475bf14dd93a49459f9815aca8a1ddf) Importer(815301076,1909f56bfc062723c751e8b465ee728b) (PreviewImporter) -> (artifact id: '27f4c8fbe062fe9ef5f66b6ac86f3de8') in 0.0264374 seconds
Number of updated asset objects reloaded before import = 0Number of asset objects unloaded after import = 66

========================================================================
Received Import Request.
  Time since last request: 1.863483 seconds.
  path: Assets/Prefabs/Enviroment/poolmat_0.prefab
  artifactKey: Guid(9a6ff90c04e58e442aa9f89dbd34978f) Importer(815301076,1909f56bfc062723c751e8b465ee728b)
Start importing Assets/Prefabs/Enviroment/poolmat_0.prefab using Guid(9a6ff90c04e58e442aa9f89dbd34978f) Importer(815301076,1909f56bfc062723c751e8b465ee728b) (PreviewImporter) -> (artifact id: 'a8aa5657e00a59b9d44fefdb90b0bb22') in 0.0222895 seconds
Number of updated asset objects reloaded before import = 0Number of asset objects unloaded after import = 66

========================================================================
Received Import Request.
  Time since last request: 0.000024 seconds.
  path: Assets/Prefabs/Enviroment/HorizontalBarrier5_0.prefab
  artifactKey: Guid(8499a30cc1236ed4fbcdf724f7ffa60c) Importer(815301076,1909f56bfc062723c751e8b465ee728b)
Start importing Assets/Prefabs/Enviroment/HorizontalBarrier5_0.prefab using Guid(8499a30cc1236ed4fbcdf724f7ffa60c) Importer(815301076,1909f56bfc062723c751e8b465ee728b) (PreviewImporter) -> (artifact id: '50c5c8c6240ba9100b3eb7de44fd2223') in 0.0269389 seconds
Number of updated asset objects reloaded before import = 0Number of asset objects unloaded after import = 66

========================================================================
Received Import Request.
  Time since last request: 0.000026 seconds.
  path: Assets/Prefabs/Enviroment/VerticalBarrier4_0.prefab
  artifactKey: Guid(7475bf14dd93a49459f9815aca8a1ddf) Importer(815301076,1909f56bfc062723c751e8b465ee728b)
Start importing Assets/Prefabs/Enviroment/VerticalBarrier4_0.prefab using Guid(7475bf14dd93a49459f9815aca8a1ddf) Importer(815301076,1909f56bfc062723c751e8b465ee728b) (PreviewImporter) -> (artifact id: 'a5eb2e8094a3023e23e8e29288525e37') in 0.0228809 seconds
Number of updated asset objects reloaded before import = 0Number of asset objects unloaded after import = 66

========================================================================
Received Import Request.
  Time since last request: 1.942140 seconds.
  path: Assets/Prefabs/Enviroment/poolmat_0.prefab
  artifactKey: Guid(9a6ff90c04e58e442aa9f89dbd34978f) Importer(815301076,1909f56bfc062723c751e8b465ee728b)
Start importing Assets/Prefabs/Enviroment/poolmat_0.prefab using Guid(9a6ff90c04e58e442aa9f89dbd34978f) Importer(815301076,1909f56bfc062723c751e8b465ee728b) (PreviewImporter) -> (artifact id: '8f50f2369c9b31b7bc3a6f59dbf9d534') in 0.0209156 seconds
Number of updated asset objects reloaded before import = 0Number of asset objects unloaded after import = 66

========================================================================
Received Import Request.
  Time since last request: 0.000098 seconds.
  path: Assets/Prefabs/Enviroment/HorizontalBarrier5_0.prefab
  artifactKey: Guid(8499a30cc1236ed4fbcdf724f7ffa60c) Importer(815301076,1909f56bfc062723c751e8b465ee728b)
Start importing Assets/Prefabs/Enviroment/HorizontalBarrier5_0.prefab using Guid(8499a30cc1236ed4fbcdf724f7ffa60c) Importer(815301076,1909f56bfc062723c751e8b465ee728b) (PreviewImporter) -> (artifact id: '3d2d060414e11da15ac73eae7c2f5a55') in 0.0259962 seconds
Number of updated asset objects reloaded before import = 0Number of asset objects unloaded after import = 66

========================================================================
Received Import Request.
  Time since last request: 0.000107 seconds.
  path: Assets/Prefabs/Enviroment/VerticalBarrier1_0.prefab
  artifactKey: Guid(d6e650186b1685145aa2bdea3907131c) Importer(815301076,1909f56bfc062723c751e8b465ee728b)
Start importing Assets/Prefabs/Enviroment/VerticalBarrier1_0.prefab using Guid(d6e650186b1685145aa2bdea3907131c) Importer(815301076,1909f56bfc062723c751e8b465ee728b) (PreviewImporter) -> (artifact id: '92214ae9a1e9dc864454b06b4d840c71') in 0.0236606 seconds
Number of updated asset objects reloaded before import = 0Number of asset objects unloaded after import = 66

========================================================================
Received Import Request.
  Time since last request: 1.799905 seconds.
  path: Assets/Prefabs/Enviroment/poolmat_0.prefab
  artifactKey: Guid(9a6ff90c04e58e442aa9f89dbd34978f) Importer(815301076,1909f56bfc062723c751e8b465ee728b)
Start importing Assets/Prefabs/Enviroment/poolmat_0.prefab using Guid(9a6ff90c04e58e442aa9f89dbd34978f) Importer(815301076,1909f56bfc062723c751e8b465ee728b) (PreviewImporter) -> (artifact id: 'f27c9906cbc499ee4720a3181c92786c') in 0.0219001 seconds
Number of updated asset objects reloaded before import = 0Number of asset objects unloaded after import = 66

========================================================================
Received Import Request.
  Time since last request: 0.045506 seconds.
  path: Assets/Prefabs/Enviroment/Bouy.prefab
  artifactKey: Guid(2edc72951d3a87246adbc6f787a2bf03) Importer(815301076,1909f56bfc062723c751e8b465ee728b)
Start importing Assets/Prefabs/Enviroment/Bouy.prefab using Guid(2edc72951d3a87246adbc6f787a2bf03) Importer(815301076,1909f56bfc062723c751e8b465ee728b) (PreviewImporter) -> (artifact id: '087de6b366150a6943a9f621d582f734') in 0.0306957 seconds
Number of updated asset objects reloaded before import = 0Number of asset objects unloaded after import = 88

========================================================================
Received Import Request.
  Time since last request: 0.000020 seconds.
  path: Assets/Prefabs/Enviroment/VerticalBarrier4_0.prefab
  artifactKey: Guid(7475bf14dd93a49459f9815aca8a1ddf) Importer(815301076,1909f56bfc062723c751e8b465ee728b)
Start importing Assets/Prefabs/Enviroment/VerticalBarrier4_0.prefab using Guid(7475bf14dd93a49459f9815aca8a1ddf) Importer(815301076,1909f56bfc062723c751e8b465ee728b) (PreviewImporter) -> (artifact id: 'f9ce5700d2fcb12a1d3c2e7bbc427644') in 0.0214728 seconds
Number of updated asset objects reloaded before import = 0Number of asset objects unloaded after import = 66

========================================================================
Received Import Request.
  Time since last request: 4.160774 seconds.
  path: Assets/Prefabs/Enviroment/poolmat_0.prefab
  artifactKey: Guid(9a6ff90c04e58e442aa9f89dbd34978f) Importer(815301076,1909f56bfc062723c751e8b465ee728b)
Start importing Assets/Prefabs/Enviroment/poolmat_0.prefab using Guid(9a6ff90c04e58e442aa9f89dbd34978f) Importer(815301076,1909f56bfc062723c751e8b465ee728b) (PreviewImporter) -> (artifact id: '619245e29a56279774edb9584adb92b9') in 0.0202298 seconds
Number of updated asset objects reloaded before import = 0Number of asset objects unloaded after import = 66

========================================================================
Received Import Request.
  Time since last request: 0.033519 seconds.
  path: Assets/Prefabs/Enviroment/Bouy.prefab
  artifactKey: Guid(2edc72951d3a87246adbc6f787a2bf03) Importer(815301076,1909f56bfc062723c751e8b465ee728b)
Start importing Assets/Prefabs/Enviroment/Bouy.prefab using Guid(2edc72951d3a87246adbc6f787a2bf03) Importer(815301076,1909f56bfc062723c751e8b465ee728b) (PreviewImporter) -> (artifact id: 'f0c941537ac35484152f2abdb2406e6a') in 0.0331331 seconds
Number of updated asset objects reloaded before import = 0Number of asset objects unloaded after import = 88

========================================================================
Received Import Request.
  Time since last request: 0.000026 seconds.
  path: Assets/Prefabs/Enviroment/VerticalBarrier4_0.prefab
  artifactKey: Guid(7475bf14dd93a49459f9815aca8a1ddf) Importer(815301076,1909f56bfc062723c751e8b465ee728b)
Start importing Assets/Prefabs/Enviroment/VerticalBarrier4_0.prefab using Guid(7475bf14dd93a49459f9815aca8a1ddf) Importer(815301076,1909f56bfc062723c751e8b465ee728b) (PreviewImporter) -> (artifact id: 'c69ce3a28ca8741c50c64c0c34bcddc7') in 0.0231303 seconds
Number of updated asset objects reloaded before import = 0Number of asset objects unloaded after import = 66

========================================================================
Received Import Request.
  Time since last request: 1.824557 seconds.
  path: Assets/Prefabs/Enviroment/poolmat_0.prefab
  artifactKey: Guid(9a6ff90c04e58e442aa9f89dbd34978f) Importer(815301076,1909f56bfc062723c751e8b465ee728b)
Start importing Assets/Prefabs/Enviroment/poolmat_0.prefab using Guid(9a6ff90c04e58e442aa9f89dbd34978f) Importer(815301076,1909f56bfc062723c751e8b465ee728b) (PreviewImporter) -> (artifact id: 'c38ea4fdec13c13cd35cd1c647c4fd5b') in 0.0196858 seconds
Number of updated asset objects reloaded before import = 0Number of asset objects unloaded after import = 66

========================================================================
Received Import Request.
  Time since last request: 0.000026 seconds.
  path: Assets/Prefabs/Enviroment/HorizontalBarrier5_0.prefab
  artifactKey: Guid(8499a30cc1236ed4fbcdf724f7ffa60c) Importer(815301076,1909f56bfc062723c751e8b465ee728b)
Start importing Assets/Prefabs/Enviroment/HorizontalBarrier5_0.prefab using Guid(8499a30cc1236ed4fbcdf724f7ffa60c) Importer(815301076,1909f56bfc062723c751e8b465ee728b) (PreviewImporter) -> (artifact id: '544f67573c4b6f5b55752f0bb021df9b') in 0.0250048 seconds
Number of updated asset objects reloaded before import = 0Number of asset objects unloaded after import = 66

========================================================================
Received Import Request.
  Time since last request: 0.000028 seconds.
  path: Assets/Prefabs/Enviroment/VerticalBarrier4_0.prefab
  artifactKey: Guid(7475bf14dd93a49459f9815aca8a1ddf) Importer(815301076,1909f56bfc062723c751e8b465ee728b)
Start importing Assets/Prefabs/Enviroment/VerticalBarrier4_0.prefab using Guid(7475bf14dd93a49459f9815aca8a1ddf) Importer(815301076,1909f56bfc062723c751e8b465ee728b) (PreviewImporter) -> (artifact id: 'ccf1ee8fdd1f7f0b6e39f555942d312e') in 0.0242865 seconds
Number of updated asset objects reloaded before import = 0Number of asset objects unloaded after import = 66

========================================================================
Received Import Request.
  Time since last request: 3.608759 seconds.
  path: Assets/Prefabs/Enviroment/poolmat_0.prefab
  artifactKey: Guid(9a6ff90c04e58e442aa9f89dbd34978f) Importer(815301076,1909f56bfc062723c751e8b465ee728b)
Start importing Assets/Prefabs/Enviroment/poolmat_0.prefab using Guid(9a6ff90c04e58e442aa9f89dbd34978f) Importer(815301076,1909f56bfc062723c751e8b465ee728b) (PreviewImporter) -> (artifact id: 'ccd3e8bd404477407532e446509807ac') in 0.0240475 seconds
Number of updated asset objects reloaded before import = 0Number of asset objects unloaded after import = 66

========================================================================
Received Import Request.
  Time since last request: 0.000029 seconds.
  path: Assets/Prefabs/Enviroment/HorizontalBarrier5_0.prefab
  artifactKey: Guid(8499a30cc1236ed4fbcdf724f7ffa60c) Importer(815301076,1909f56bfc062723c751e8b465ee728b)
Start importing Assets/Prefabs/Enviroment/HorizontalBarrier5_0.prefab using Guid(8499a30cc1236ed4fbcdf724f7ffa60c) Importer(815301076,1909f56bfc062723c751e8b465ee728b) (PreviewImporter) -> (artifact id: '48384a6841959aa1b74c509b4b83ed2f') in 0.0242859 seconds
Number of updated asset objects reloaded before import = 0Number of asset objects unloaded after import = 66

========================================================================
Received Import Request.
  Time since last request: 0.000043 seconds.
  path: Assets/Prefabs/Enviroment/VerticalBarrier4_0.prefab
  artifactKey: Guid(7475bf14dd93a49459f9815aca8a1ddf) Importer(815301076,1909f56bfc062723c751e8b465ee728b)
Start importing Assets/Prefabs/Enviroment/VerticalBarrier4_0.prefab using Guid(7475bf14dd93a49459f9815aca8a1ddf) Importer(815301076,1909f56bfc062723c751e8b465ee728b) (PreviewImporter) -> (artifact id: '9e328eaee2e7ddca1a07125460d3cba6') in 0.02228 seconds
Number of updated asset objects reloaded before import = 0Number of asset objects unloaded after import = 66

========================================================================
Received Import Request.
  Time since last request: 1.980382 seconds.
  path: Assets/Prefabs/Enviroment/poolmat_0.prefab
  artifactKey: Guid(9a6ff90c04e58e442aa9f89dbd34978f) Importer(815301076,1909f56bfc062723c751e8b465ee728b)
Start importing Assets/Prefabs/Enviroment/poolmat_0.prefab using Guid(9a6ff90c04e58e442aa9f89dbd34978f) Importer(815301076,1909f56bfc062723c751e8b465ee728b) (PreviewImporter) -> (artifact id: 'df2dce4f5690b6832cf26f271cd92eac') in 0.0195013 seconds
Number of updated asset objects reloaded before import = 0Number of asset objects unloaded after import = 66

========================================================================
Received Import Request.
  Time since last request: 0.000035 seconds.
  path: Assets/Prefabs/Enviroment/HorizontalBarrier5_0.prefab
  artifactKey: Guid(8499a30cc1236ed4fbcdf724f7ffa60c) Importer(815301076,1909f56bfc062723c751e8b465ee728b)
Start importing Assets/Prefabs/Enviroment/HorizontalBarrier5_0.prefab using Guid(8499a30cc1236ed4fbcdf724f7ffa60c) Importer(815301076,1909f56bfc062723c751e8b465ee728b) (PreviewImporter) -> (artifact id: '6a6850282bf1ee0aa60356146ed1a5c1') in 0.0229083 seconds
Number of updated asset objects reloaded before import = 0Number of asset objects unloaded after import = 66

========================================================================
Received Import Request.
  Time since last request: 0.000037 seconds.
  path: Assets/Prefabs/Enviroment/VerticalBarrier1_0.prefab
  artifactKey: Guid(d6e650186b1685145aa2bdea3907131c) Importer(815301076,1909f56bfc062723c751e8b465ee728b)
Start importing Assets/Prefabs/Enviroment/VerticalBarrier1_0.prefab using Guid(d6e650186b1685145aa2bdea3907131c) Importer(815301076,1909f56bfc062723c751e8b465ee728b) (PreviewImporter) -> (artifact id: '3f75b80850757d3fd89400d31c677061') in 0.0220781 seconds
Number of updated asset objects reloaded before import = 0Number of asset objects unloaded after import = 66

========================================================================
Received Import Request.
  Time since last request: 0.000050 seconds.
  path: Assets/Prefabs/Enviroment/VerticalBarrier3_0.prefab
  artifactKey: Guid(b56e033bba0b5954ea7c6f7be9e68839) Importer(815301076,1909f56bfc062723c751e8b465ee728b)
Start importing Assets/Prefabs/Enviroment/VerticalBarrier3_0.prefab using Guid(b56e033bba0b5954ea7c6f7be9e68839) Importer(815301076,1909f56bfc062723c751e8b465ee728b) (PreviewImporter) -> (artifact id: '91617bd4dac0f73f65550168c59b18e2') in 0.0195824 seconds
Number of updated asset objects reloaded before import = 0Number of asset objects unloaded after import = 66

========================================================================
Received Import Request.
  Time since last request: 5.666908 seconds.
  path: Assets/Prefabs/Enviroment/poolmat_0.prefab
  artifactKey: Guid(9a6ff90c04e58e442aa9f89dbd34978f) Importer(815301076,1909f56bfc062723c751e8b465ee728b)
Start importing Assets/Prefabs/Enviroment/poolmat_0.prefab using Guid(9a6ff90c04e58e442aa9f89dbd34978f) Importer(815301076,1909f56bfc062723c751e8b465ee728b) (PreviewImporter) -> (artifact id: 'b566aee45fa48c4e276db3679b86ee03') in 0.0224762 seconds
Number of updated asset objects reloaded before import = 0Number of asset objects unloaded after import = 66

========================================================================
Received Import Request.
  Time since last request: 0.032951 seconds.
  path: Assets/Prefabs/Enviroment/Bouy.prefab
  artifactKey: Guid(2edc72951d3a87246adbc6f787a2bf03) Importer(815301076,1909f56bfc062723c751e8b465ee728b)
Start importing Assets/Prefabs/Enviroment/Bouy.prefab using Guid(2edc72951d3a87246adbc6f787a2bf03) Importer(815301076,1909f56bfc062723c751e8b465ee728b) (PreviewImporter) -> (artifact id: '07e0440fb245e7583655fb9b350f869c') in 0.0309426 seconds
Number of updated asset objects reloaded before import = 0Number of asset objects unloaded after import = 88

========================================================================
Received Import Request.
  Time since last request: 0.000021 seconds.
  path: Assets/Prefabs/Enviroment/VerticalBarrier4_0.prefab
  artifactKey: Guid(7475bf14dd93a49459f9815aca8a1ddf) Importer(815301076,1909f56bfc062723c751e8b465ee728b)
Start importing Assets/Prefabs/Enviroment/VerticalBarrier4_0.prefab using Guid(7475bf14dd93a49459f9815aca8a1ddf) Importer(815301076,1909f56bfc062723c751e8b465ee728b) (PreviewImporter) -> (artifact id: '43721efe1a8ca122aa5d8e50e9cdd860') in 0.022034 seconds
Number of updated asset objects reloaded before import = 0Number of asset objects unloaded after import = 66

========================================================================
Received Import Request.
  Time since last request: 15.010662 seconds.
  path: Assets/Prefabs/Enviroment/poolmat_0.prefab
  artifactKey: Guid(9a6ff90c04e58e442aa9f89dbd34978f) Importer(815301076,1909f56bfc062723c751e8b465ee728b)
Start importing Assets/Prefabs/Enviroment/poolmat_0.prefab using Guid(9a6ff90c04e58e442aa9f89dbd34978f) Importer(815301076,1909f56bfc062723c751e8b465ee728b) (PreviewImporter) -> (artifact id: '249fdc95ee495190c89f9ffe7fce2686') in 0.0251725 seconds
Number of updated asset objects reloaded before import = 0Number of asset objects unloaded after import = 73

========================================================================
Received Import Request.
  Time since last request: 0.000027 seconds.
  path: Assets/Prefabs/Enviroment/HorizontalBarrier5_0.prefab
  artifactKey: Guid(8499a30cc1236ed4fbcdf724f7ffa60c) Importer(815301076,1909f56bfc062723c751e8b465ee728b)
Start importing Assets/Prefabs/Enviroment/HorizontalBarrier5_0.prefab using Guid(8499a30cc1236ed4fbcdf724f7ffa60c) Importer(815301076,1909f56bfc062723c751e8b465ee728b) (PreviewImporter) -> (artifact id: 'a0744fab0016ad8e89dd3aeecff1d2a2') in 0.0246793 seconds
Number of updated asset objects reloaded before import = 0Number of asset objects unloaded after import = 73

========================================================================
Received Import Request.
  Time since last request: 0.000035 seconds.
  path: Assets/Prefabs/Enviroment/VerticalBarrier4_0.prefab
  artifactKey: Guid(7475bf14dd93a49459f9815aca8a1ddf) Importer(815301076,1909f56bfc062723c751e8b465ee728b)
Start importing Assets/Prefabs/Enviroment/VerticalBarrier4_0.prefab using Guid(7475bf14dd93a49459f9815aca8a1ddf) Importer(815301076,1909f56bfc062723c751e8b465ee728b) (PreviewImporter) -> (artifact id: '8b3683c0271506c40e365f06d2a90c74') in 0.0276964 seconds
Number of updated asset objects reloaded before import = 0Number of asset objects unloaded after import = 73

========================================================================
Received Import Request.
  Time since last request: 2.080926 seconds.
  path: Assets/Prefabs/Enviroment/poolmat_0.prefab
  artifactKey: Guid(9a6ff90c04e58e442aa9f89dbd34978f) Importer(815301076,1909f56bfc062723c751e8b465ee728b)
Start importing Assets/Prefabs/Enviroment/poolmat_0.prefab using Guid(9a6ff90c04e58e442aa9f89dbd34978f) Importer(815301076,1909f56bfc062723c751e8b465ee728b) (PreviewImporter) -> (artifact id: '7e6398e4330f6289020f65136328414a') in 0.0240387 seconds
Number of updated asset objects reloaded before import = 0Number of asset objects unloaded after import = 73

========================================================================
Received Import Request.
  Time since last request: 0.000025 seconds.
  path: Assets/Prefabs/Enviroment/HorizontalBarrier5_0.prefab
  artifactKey: Guid(8499a30cc1236ed4fbcdf724f7ffa60c) Importer(815301076,1909f56bfc062723c751e8b465ee728b)
Start importing Assets/Prefabs/Enviroment/HorizontalBarrier5_0.prefab using Guid(8499a30cc1236ed4fbcdf724f7ffa60c) Importer(815301076,1909f56bfc062723c751e8b465ee728b) (PreviewImporter) -> (artifact id: '6e4e82a1400121b91e3066675a44994d') in 0.0254093 seconds
Number of updated asset objects reloaded before import = 0Number of asset objects unloaded after import = 73

========================================================================
Received Import Request.
  Time since last request: 0.000028 seconds.
  path: Assets/Prefabs/Enviroment/VerticalBarrier4_0.prefab
  artifactKey: Guid(7475bf14dd93a49459f9815aca8a1ddf) Importer(815301076,1909f56bfc062723c751e8b465ee728b)
Start importing Assets/Prefabs/Enviroment/VerticalBarrier4_0.prefab using Guid(7475bf14dd93a49459f9815aca8a1ddf) Importer(815301076,1909f56bfc062723c751e8b465ee728b) (PreviewImporter) -> (artifact id: '43c503116f19ddfb0246bfce290f8628') in 0.0243647 seconds
Number of updated asset objects reloaded before import = 0Number of asset objects unloaded after import = 73

========================================================================
Received Import Request.
  Time since last request: 1.993648 seconds.
  path: Assets/Prefabs/Enviroment/poolmat_0.prefab
  artifactKey: Guid(9a6ff90c04e58e442aa9f89dbd34978f) Importer(815301076,1909f56bfc062723c751e8b465ee728b)
Start importing Assets/Prefabs/Enviroment/poolmat_0.prefab using Guid(9a6ff90c04e58e442aa9f89dbd34978f) Importer(815301076,1909f56bfc062723c751e8b465ee728b) (PreviewImporter) -> (artifact id: '8209e703e735be69672820c94bb118de') in 0.0271152 seconds
Number of updated asset objects reloaded before import = 0Number of asset objects unloaded after import = 80

========================================================================
Received Import Request.
  Time since last request: 0.000029 seconds.
  path: Assets/Prefabs/Enviroment/HorizontalBarrier5_0.prefab
  artifactKey: Guid(8499a30cc1236ed4fbcdf724f7ffa60c) Importer(815301076,1909f56bfc062723c751e8b465ee728b)
Start importing Assets/Prefabs/Enviroment/HorizontalBarrier5_0.prefab using Guid(8499a30cc1236ed4fbcdf724f7ffa60c) Importer(815301076,1909f56bfc062723c751e8b465ee728b) (PreviewImporter) -> (artifact id: '30a74224cf2e7d11f91972245cb7d9b4') in 0.0273272 seconds
Number of updated asset objects reloaded before import = 0Number of asset objects unloaded after import = 80

========================================================================
Received Import Request.
  Time since last request: 0.000029 seconds.
  path: Assets/Prefabs/Enviroment/VerticalBarrier4_0.prefab
  artifactKey: Guid(7475bf14dd93a49459f9815aca8a1ddf) Importer(815301076,1909f56bfc062723c751e8b465ee728b)
Start importing Assets/Prefabs/Enviroment/VerticalBarrier4_0.prefab using Guid(7475bf14dd93a49459f9815aca8a1ddf) Importer(815301076,1909f56bfc062723c751e8b465ee728b) (PreviewImporter) -> (artifact id: '4b9fbf6266ba6b8be39e1bd37435af8d') in 0.0260308 seconds
Number of updated asset objects reloaded before import = 0Number of asset objects unloaded after import = 80

========================================================================
Received Import Request.
  Time since last request: 3.017943 seconds.
  path: Assets/Prefabs/Enviroment/poolmat_0.prefab
  artifactKey: Guid(9a6ff90c04e58e442aa9f89dbd34978f) Importer(815301076,1909f56bfc062723c751e8b465ee728b)
Start importing Assets/Prefabs/Enviroment/poolmat_0.prefab using Guid(9a6ff90c04e58e442aa9f89dbd34978f) Importer(815301076,1909f56bfc062723c751e8b465ee728b) (PreviewImporter) -> (artifact id: 'd2f24f6b4aca8406d5843a7dd545614b') in 0.022353 seconds
Number of updated asset objects reloaded before import = 0Number of asset objects unloaded after import = 80

========================================================================
Received Import Request.
  Time since last request: 0.000028 seconds.
  path: Assets/Prefabs/Enviroment/HorizontalBarrier5_0.prefab
  artifactKey: Guid(8499a30cc1236ed4fbcdf724f7ffa60c) Importer(815301076,1909f56bfc062723c751e8b465ee728b)
Start importing Assets/Prefabs/Enviroment/HorizontalBarrier5_0.prefab using Guid(8499a30cc1236ed4fbcdf724f7ffa60c) Importer(815301076,1909f56bfc062723c751e8b465ee728b) (PreviewImporter) -> (artifact id: '9f667fb3d48023b68a558b5deabfb227') in 0.0270667 seconds
Number of updated asset objects reloaded before import = 0Number of asset objects unloaded after import = 80

========================================================================
Received Import Request.
  Time since last request: 0.000031 seconds.
  path: Assets/Prefabs/Enviroment/VerticalBarrier4_0.prefab
  artifactKey: Guid(7475bf14dd93a49459f9815aca8a1ddf) Importer(815301076,1909f56bfc062723c751e8b465ee728b)
Start importing Assets/Prefabs/Enviroment/VerticalBarrier4_0.prefab using Guid(7475bf14dd93a49459f9815aca8a1ddf) Importer(815301076,1909f56bfc062723c751e8b465ee728b) (PreviewImporter) -> (artifact id: '50dda922e88786020e7c4000d7c83bf5') in 0.0259703 seconds
Number of updated asset objects reloaded before import = 0Number of asset objects unloaded after import = 80

========================================================================
Received Import Request.
  Time since last request: 6.562929 seconds.
  path: Assets/Prefabs/Enviroment/poolmat_0.prefab
  artifactKey: Guid(9a6ff90c04e58e442aa9f89dbd34978f) Importer(815301076,1909f56bfc062723c751e8b465ee728b)
Start importing Assets/Prefabs/Enviroment/poolmat_0.prefab using Guid(9a6ff90c04e58e442aa9f89dbd34978f) Importer(815301076,1909f56bfc062723c751e8b465ee728b) (PreviewImporter) -> (artifact id: '46a5fbe546d4349a03958538bef4f9a3') in 0.0222032 seconds
Number of updated asset objects reloaded before import = 0Number of asset objects unloaded after import = 80

========================================================================
Received Import Request.
  Time since last request: 0.000021 seconds.
  path: Assets/Prefabs/Enviroment/HorizontalBarrier5_0.prefab
  artifactKey: Guid(8499a30cc1236ed4fbcdf724f7ffa60c) Importer(815301076,1909f56bfc062723c751e8b465ee728b)
Start importing Assets/Prefabs/Enviroment/HorizontalBarrier5_0.prefab using Guid(8499a30cc1236ed4fbcdf724f7ffa60c) Importer(815301076,1909f56bfc062723c751e8b465ee728b) (PreviewImporter) -> (artifact id: '14f5fcb8147363ae6fd402af7a5d5536') in 0.0252263 seconds
Number of updated asset objects reloaded before import = 0Number of asset objects unloaded after import = 80

========================================================================
Received Import Request.
  Time since last request: 0.000021 seconds.
  path: Assets/Prefabs/Enviroment/VerticalBarrier4_0.prefab
  artifactKey: Guid(7475bf14dd93a49459f9815aca8a1ddf) Importer(815301076,1909f56bfc062723c751e8b465ee728b)
Start importing Assets/Prefabs/Enviroment/VerticalBarrier4_0.prefab using Guid(7475bf14dd93a49459f9815aca8a1ddf) Importer(815301076,1909f56bfc062723c751e8b465ee728b) (PreviewImporter) -> (artifact id: '94b7608607d6d9f45160566b5b0de1a1') in 0.026136 seconds
Number of updated asset objects reloaded before import = 0Number of asset objects unloaded after import = 80

========================================================================
Received Import Request.
  Time since last request: 4.386314 seconds.
  path: Assets/Prefabs/Enviroment/poolmat_0.prefab
  artifactKey: Guid(9a6ff90c04e58e442aa9f89dbd34978f) Importer(815301076,1909f56bfc062723c751e8b465ee728b)
Start importing Assets/Prefabs/Enviroment/poolmat_0.prefab using Guid(9a6ff90c04e58e442aa9f89dbd34978f) Importer(815301076,1909f56bfc062723c751e8b465ee728b) (PreviewImporter) -> (artifact id: 'ce176827f34ced78a98f2e301b4e2725') in 0.0275706 seconds
Number of updated asset objects reloaded before import = 0Number of asset objects unloaded after import = 80

========================================================================
Received Import Request.
  Time since last request: 0.000026 seconds.
  path: Assets/Prefabs/Enviroment/HorizontalBarrier5_0.prefab
  artifactKey: Guid(8499a30cc1236ed4fbcdf724f7ffa60c) Importer(815301076,1909f56bfc062723c751e8b465ee728b)
Start importing Assets/Prefabs/Enviroment/HorizontalBarrier5_0.prefab using Guid(8499a30cc1236ed4fbcdf724f7ffa60c) Importer(815301076,1909f56bfc062723c751e8b465ee728b) (PreviewImporter) -> (artifact id: '0e2a99d3a3bb43487b8fa1c3659ea897') in 0.0310094 seconds
Number of updated asset objects reloaded before import = 0Number of asset objects unloaded after import = 80

========================================================================
Received Import Request.
  Time since last request: 0.000032 seconds.
  path: Assets/Prefabs/Enviroment/VerticalBarrier4_0.prefab
  artifactKey: Guid(7475bf14dd93a49459f9815aca8a1ddf) Importer(815301076,1909f56bfc062723c751e8b465ee728b)
Start importing Assets/Prefabs/Enviroment/VerticalBarrier4_0.prefab using Guid(7475bf14dd93a49459f9815aca8a1ddf) Importer(815301076,1909f56bfc062723c751e8b465ee728b) (PreviewImporter) -> (artifact id: '72ecc52827d0622aba32703e156bef5b') in 0.0264327 seconds
Number of updated asset objects reloaded before import = 0Number of asset objects unloaded after import = 80

========================================================================
Received Import Request.
  Time since last request: 2.224674 seconds.
  path: Assets/Prefabs/Enviroment/poolmat_0.prefab
  artifactKey: Guid(9a6ff90c04e58e442aa9f89dbd34978f) Importer(815301076,1909f56bfc062723c751e8b465ee728b)
Start importing Assets/Prefabs/Enviroment/poolmat_0.prefab using Guid(9a6ff90c04e58e442aa9f89dbd34978f) Importer(815301076,1909f56bfc062723c751e8b465ee728b) (PreviewImporter) -> (artifact id: '344c6d231fe7e539d0926215c088e6cb') in 0.0210029 seconds
Number of updated asset objects reloaded before import = 0Number of asset objects unloaded after import = 80

========================================================================
Received Import Request.
  Time since last request: 0.000023 seconds.
  path: Assets/Prefabs/Enviroment/HorizontalBarrier5_0.prefab
  artifactKey: Guid(8499a30cc1236ed4fbcdf724f7ffa60c) Importer(815301076,1909f56bfc062723c751e8b465ee728b)
Start importing Assets/Prefabs/Enviroment/HorizontalBarrier5_0.prefab using Guid(8499a30cc1236ed4fbcdf724f7ffa60c) Importer(815301076,1909f56bfc062723c751e8b465ee728b) (PreviewImporter) -> (artifact id: '7d3fe4feb46f1ca097e95e91cdb90dcf') in 0.0250444 seconds
Number of updated asset objects reloaded before import = 0Number of asset objects unloaded after import = 80

========================================================================
Received Import Request.
  Time since last request: 0.000025 seconds.
  path: Assets/Prefabs/Enviroment/VerticalBarrier2_0.prefab
  artifactKey: Guid(bf0791756007781448d87c1680e8a619) Importer(815301076,1909f56bfc062723c751e8b465ee728b)
Start importing Assets/Prefabs/Enviroment/VerticalBarrier2_0.prefab using Guid(bf0791756007781448d87c1680e8a619) Importer(815301076,1909f56bfc062723c751e8b465ee728b) (PreviewImporter) -> (artifact id: 'fd45d2b3049eca5137715f9587a2745e') in 0.0233365 seconds
Number of updated asset objects reloaded before import = 0Number of asset objects unloaded after import = 80

========================================================================
Received Import Request.
  Time since last request: 2.141510 seconds.
  path: Assets/Prefabs/Enviroment/poolmat_0.prefab
  artifactKey: Guid(9a6ff90c04e58e442aa9f89dbd34978f) Importer(815301076,1909f56bfc062723c751e8b465ee728b)
Start importing Assets/Prefabs/Enviroment/poolmat_0.prefab using Guid(9a6ff90c04e58e442aa9f89dbd34978f) Importer(815301076,1909f56bfc062723c751e8b465ee728b) (PreviewImporter) -> (artifact id: 'd57d1005263f6bccb6b5a05e30253673') in 0.0238978 seconds
Number of updated asset objects reloaded before import = 0Number of asset objects unloaded after import = 80

========================================================================
Received Import Request.
  Time since last request: 0.000022 seconds.
  path: Assets/Prefabs/Enviroment/HorizontalBarrier5_0.prefab
  artifactKey: Guid(8499a30cc1236ed4fbcdf724f7ffa60c) Importer(815301076,1909f56bfc062723c751e8b465ee728b)
Start importing Assets/Prefabs/Enviroment/HorizontalBarrier5_0.prefab using Guid(8499a30cc1236ed4fbcdf724f7ffa60c) Importer(815301076,1909f56bfc062723c751e8b465ee728b) (PreviewImporter) -> (artifact id: 'f0b0aa0cea0eb5f768e437660854a8a5') in 0.026489 seconds
Number of updated asset objects reloaded before import = 0Number of asset objects unloaded after import = 80

========================================================================
Received Import Request.
  Time since last request: 0.000027 seconds.
  path: Assets/Prefabs/Enviroment/VerticalBarrier4_0.prefab
  artifactKey: Guid(7475bf14dd93a49459f9815aca8a1ddf) Importer(815301076,1909f56bfc062723c751e8b465ee728b)
Start importing Assets/Prefabs/Enviroment/VerticalBarrier4_0.prefab using Guid(7475bf14dd93a49459f9815aca8a1ddf) Importer(815301076,1909f56bfc062723c751e8b465ee728b) (PreviewImporter) -> (artifact id: 'cb713ef00d834111ce43fef9f22b29fd') in 0.0257327 seconds
Number of updated asset objects reloaded before import = 0Number of asset objects unloaded after import = 80

========================================================================
Received Import Request.
  Time since last request: 2.163196 seconds.
  path: Assets/Prefabs/Enviroment/poolmat_0.prefab
  artifactKey: Guid(9a6ff90c04e58e442aa9f89dbd34978f) Importer(815301076,1909f56bfc062723c751e8b465ee728b)
Start importing Assets/Prefabs/Enviroment/poolmat_0.prefab using Guid(9a6ff90c04e58e442aa9f89dbd34978f) Importer(815301076,1909f56bfc062723c751e8b465ee728b) (PreviewImporter) -> (artifact id: 'af92701fe96a07d268c30e79f3671691') in 0.0226587 seconds
Number of updated asset objects reloaded before import = 0Number of asset objects unloaded after import = 80

========================================================================
Received Import Request.
  Time since last request: 0.000026 seconds.
  path: Assets/Prefabs/Enviroment/HorizontalBarrier5_0.prefab
  artifactKey: Guid(8499a30cc1236ed4fbcdf724f7ffa60c) Importer(815301076,1909f56bfc062723c751e8b465ee728b)
Start importing Assets/Prefabs/Enviroment/HorizontalBarrier5_0.prefab using Guid(8499a30cc1236ed4fbcdf724f7ffa60c) Importer(815301076,1909f56bfc062723c751e8b465ee728b) (PreviewImporter) -> (artifact id: 'c20676f2c1af223d0b2f039fb761abee') in 0.0263888 seconds
Number of updated asset objects reloaded before import = 0Number of asset objects unloaded after import = 80

========================================================================
Received Import Request.
  Time since last request: 0.000022 seconds.
  path: Assets/Prefabs/Enviroment/VerticalBarrier4_0.prefab
  artifactKey: Guid(7475bf14dd93a49459f9815aca8a1ddf) Importer(815301076,1909f56bfc062723c751e8b465ee728b)
Start importing Assets/Prefabs/Enviroment/VerticalBarrier4_0.prefab using Guid(7475bf14dd93a49459f9815aca8a1ddf) Importer(815301076,1909f56bfc062723c751e8b465ee728b) (PreviewImporter) -> (artifact id: '78507141f653e277cf5cd90e0674dc4d') in 0.0255649 seconds
Number of updated asset objects reloaded before import = 0Number of asset objects unloaded after import = 80

========================================================================
Received Import Request.
  Time since last request: 1.877213 seconds.
  path: Assets/Prefabs/Enviroment/poolmat_0.prefab
  artifactKey: Guid(9a6ff90c04e58e442aa9f89dbd34978f) Importer(815301076,1909f56bfc062723c751e8b465ee728b)
Start importing Assets/Prefabs/Enviroment/poolmat_0.prefab using Guid(9a6ff90c04e58e442aa9f89dbd34978f) Importer(815301076,1909f56bfc062723c751e8b465ee728b) (PreviewImporter) -> (artifact id: '7776b935552df4a3248265836e7ddd7d') in 0.0272986 seconds
Number of updated asset objects reloaded before import = 0Number of asset objects unloaded after import = 80

========================================================================
Received Import Request.
  Time since last request: 0.000028 seconds.
  path: Assets/Prefabs/Enviroment/HorizontalBarrier5_0.prefab
  artifactKey: Guid(8499a30cc1236ed4fbcdf724f7ffa60c) Importer(815301076,1909f56bfc062723c751e8b465ee728b)
Start importing Assets/Prefabs/Enviroment/HorizontalBarrier5_0.prefab using Guid(8499a30cc1236ed4fbcdf724f7ffa60c) Importer(815301076,1909f56bfc062723c751e8b465ee728b) (PreviewImporter) -> (artifact id: 'eaca739fb66d761870f61249b1f47ddb') in 0.0259687 seconds
Number of updated asset objects reloaded before import = 0Number of asset objects unloaded after import = 80

========================================================================
Received Import Request.
  Time since last request: 0.000025 seconds.
  path: Assets/Prefabs/Enviroment/VerticalBarrier4_0.prefab
  artifactKey: Guid(7475bf14dd93a49459f9815aca8a1ddf) Importer(815301076,1909f56bfc062723c751e8b465ee728b)
Start importing Assets/Prefabs/Enviroment/VerticalBarrier4_0.prefab using Guid(7475bf14dd93a49459f9815aca8a1ddf) Importer(815301076,1909f56bfc062723c751e8b465ee728b) (PreviewImporter) -> (artifact id: '1e007ec3c43f4de8d3842f754793ef29') in 0.0242037 seconds
Number of updated asset objects reloaded before import = 0Number of asset objects unloaded after import = 80

========================================================================
Received Import Request.
  Time since last request: 18.785950 seconds.
  path: Assets/Prefabs/Enviroment/VerticalBarrier1_0.prefab
  artifactKey: Guid(d6e650186b1685145aa2bdea3907131c) Importer(815301076,1909f56bfc062723c751e8b465ee728b)
Start importing Assets/Prefabs/Enviroment/VerticalBarrier1_0.prefab using Guid(d6e650186b1685145aa2bdea3907131c) Importer(815301076,1909f56bfc062723c751e8b465ee728b) (PreviewImporter) -> (artifact id: '988139349edad1ecff12e5ffefcbba8b') in 0.0165421 seconds
Number of updated asset objects reloaded before import = 0Number of asset objects unloaded after import = 8

========================================================================
Received Import Request.
  Time since last request: 0.004486 seconds.
  path: Assets/Prefabs/Enviroment/HorizontalBarrier5_0.prefab
  artifactKey: Guid(8499a30cc1236ed4fbcdf724f7ffa60c) Importer(815301076,1909f56bfc062723c751e8b465ee728b)
Start importing Assets/Prefabs/Enviroment/HorizontalBarrier5_0.prefab using Guid(8499a30cc1236ed4fbcdf724f7ffa60c) Importer(815301076,1909f56bfc062723c751e8b465ee728b) (PreviewImporter) -> (artifact id: '04d44e3c3dab77d2ff12f70fefcac6d2') in 0.0688519 seconds
Number of updated asset objects reloaded before import = 0Number of asset objects unloaded after import = 80

========================================================================
Received Import Request.
  Time since last request: 0.003526 seconds.
  path: Assets/Prefabs/Enviroment/VerticalBarrier2_0.prefab
  artifactKey: Guid(bf0791756007781448d87c1680e8a619) Importer(815301076,1909f56bfc062723c751e8b465ee728b)
Start importing Assets/Prefabs/Enviroment/VerticalBarrier2_0.prefab using Guid(bf0791756007781448d87c1680e8a619) Importer(815301076,1909f56bfc062723c751e8b465ee728b) (PreviewImporter) -> (artifact id: '43097c6895a59c0a25dc12fd92de3066') in 0.0355434 seconds
Number of updated asset objects reloaded before import = 0Number of asset objects unloaded after import = 80

========================================================================
Received Import Request.
  Time since last request: 1.103873 seconds.
  path: Assets/Prefabs/Enviroment/VerticalBarrier1_0.prefab
  artifactKey: Guid(d6e650186b1685145aa2bdea3907131c) Importer(815301076,1909f56bfc062723c751e8b465ee728b)
Start importing Assets/Prefabs/Enviroment/VerticalBarrier1_0.prefab using Guid(d6e650186b1685145aa2bdea3907131c) Importer(815301076,1909f56bfc062723c751e8b465ee728b) (PreviewImporter) -> (artifact id: '026d49711644436a3ddc70c0e5873da2') in 0.022875 seconds
Number of updated asset objects reloaded before import = 0Number of asset objects unloaded after import = 80

========================================================================
Received Import Request.
  Time since last request: 0.000029 seconds.
  path: Assets/Prefabs/Enviroment/HorizontalBarrier5_0.prefab
  artifactKey: Guid(8499a30cc1236ed4fbcdf724f7ffa60c) Importer(815301076,1909f56bfc062723c751e8b465ee728b)
Start importing Assets/Prefabs/Enviroment/HorizontalBarrier5_0.prefab using Guid(8499a30cc1236ed4fbcdf724f7ffa60c) Importer(815301076,1909f56bfc062723c751e8b465ee728b) (PreviewImporter) -> (artifact id: 'b38558d389c3626c0c1cad8549afa271') in 0.026016 seconds
Number of updated asset objects reloaded before import = 0Number of asset objects unloaded after import = 80

========================================================================
Received Import Request.
  Time since last request: 0.000026 seconds.
  path: Assets/Prefabs/Enviroment/VerticalBarrier4_0.prefab
  artifactKey: Guid(7475bf14dd93a49459f9815aca8a1ddf) Importer(815301076,1909f56bfc062723c751e8b465ee728b)
Start importing Assets/Prefabs/Enviroment/VerticalBarrier4_0.prefab using Guid(7475bf14dd93a49459f9815aca8a1ddf) Importer(815301076,1909f56bfc062723c751e8b465ee728b) (PreviewImporter) -> (artifact id: '4d3809080a173fbd7b30c1506ca6e1b4') in 0.0253809 seconds
Number of updated asset objects reloaded before import = 0Number of asset objects unloaded after import = 80

========================================================================
Received Import Request.
  Time since last request: 2.027094 seconds.
  path: Assets/Prefabs/Enviroment/VerticalBarrier1_0.prefab
  artifactKey: Guid(d6e650186b1685145aa2bdea3907131c) Importer(815301076,1909f56bfc062723c751e8b465ee728b)
Start importing Assets/Prefabs/Enviroment/VerticalBarrier1_0.prefab using Guid(d6e650186b1685145aa2bdea3907131c) Importer(815301076,1909f56bfc062723c751e8b465ee728b) (PreviewImporter) -> (artifact id: 'af0e266f9d32e9b0786d74b3215a57fb') in 0.0240985 seconds
Number of updated asset objects reloaded before import = 0Number of asset objects unloaded after import = 80

========================================================================
Received Import Request.
  Time since last request: 0.000024 seconds.
  path: Assets/Prefabs/Enviroment/HorizontalBarrier5_0.prefab
  artifactKey: Guid(8499a30cc1236ed4fbcdf724f7ffa60c) Importer(815301076,1909f56bfc062723c751e8b465ee728b)
Start importing Assets/Prefabs/Enviroment/HorizontalBarrier5_0.prefab using Guid(8499a30cc1236ed4fbcdf724f7ffa60c) Importer(815301076,1909f56bfc062723c751e8b465ee728b) (PreviewImporter) -> (artifact id: '13ece94370eee5e1b6ac4be6996c5099') in 0.0272889 seconds
Number of updated asset objects reloaded before import = 0Number of asset objects unloaded after import = 80

========================================================================
Received Import Request.
  Time since last request: 0.000035 seconds.
  path: Assets/Prefabs/Enviroment/VerticalBarrier4_0.prefab
  artifactKey: Guid(7475bf14dd93a49459f9815aca8a1ddf) Importer(815301076,1909f56bfc062723c751e8b465ee728b)
Start importing Assets/Prefabs/Enviroment/VerticalBarrier4_0.prefab using Guid(7475bf14dd93a49459f9815aca8a1ddf) Importer(815301076,1909f56bfc062723c751e8b465ee728b) (PreviewImporter) -> (artifact id: '0670a61d68535307a42ffae1c776d821') in 0.0273908 seconds
Number of updated asset objects reloaded before import = 0Number of asset objects unloaded after import = 80

========================================================================
Received Import Request.
  Time since last request: 6.830910 seconds.
  path: Assets/Prefabs/Enviroment/VerticalBarrier1_0.prefab
  artifactKey: Guid(d6e650186b1685145aa2bdea3907131c) Importer(815301076,1909f56bfc062723c751e8b465ee728b)
Start importing Assets/Prefabs/Enviroment/VerticalBarrier1_0.prefab using Guid(d6e650186b1685145aa2bdea3907131c) Importer(815301076,1909f56bfc062723c751e8b465ee728b) (PreviewImporter) -> (artifact id: '46262aaa86300268a34deedcaa4991d7') in 0.020732 seconds
Number of updated asset objects reloaded before import = 0Number of asset objects unloaded after import = 80

========================================================================
Received Import Request.
  Time since last request: 0.031019 seconds.
  path: Assets/Prefabs/Enviroment/Bouy.prefab
  artifactKey: Guid(2edc72951d3a87246adbc6f787a2bf03) Importer(815301076,1909f56bfc062723c751e8b465ee728b)
Start importing Assets/Prefabs/Enviroment/Bouy.prefab using Guid(2edc72951d3a87246adbc6f787a2bf03) Importer(815301076,1909f56bfc062723c751e8b465ee728b) (PreviewImporter) -> (artifact id: '24b769cc6f4ec724167f4fda0e74eaa8') in 0.0283617 seconds
Number of updated asset objects reloaded before import = 0Number of asset objects unloaded after import = 95

========================================================================
Received Import Request.
  Time since last request: 0.000025 seconds.
  path: Assets/Prefabs/Enviroment/HorizontalBarrier_blue.prefab
  artifactKey: Guid(ed4381e4e935c90418ef425eb0a648d1) Importer(815301076,1909f56bfc062723c751e8b465ee728b)
Start importing Assets/Prefabs/Enviroment/HorizontalBarrier_blue.prefab using Guid(ed4381e4e935c90418ef425eb0a648d1) Importer(815301076,1909f56bfc062723c751e8b465ee728b) (PreviewImporter) -> (artifact id: 'a81fc9ca544de1730f5672860fabd9a4') in 0.0262116 seconds
Number of updated asset objects reloaded before import = 0Number of asset objects unloaded after import = 80

========================================================================
Received Import Request.
  Time since last request: 2.104546 seconds.
  path: Assets/Prefabs/Enviroment/VerticalBarrier1_0.prefab
  artifactKey: Guid(d6e650186b1685145aa2bdea3907131c) Importer(815301076,1909f56bfc062723c751e8b465ee728b)
Start importing Assets/Prefabs/Enviroment/VerticalBarrier1_0.prefab using Guid(d6e650186b1685145aa2bdea3907131c) Importer(815301076,1909f56bfc062723c751e8b465ee728b) (PreviewImporter) -> (artifact id: '0a85de8bebf048db0f6213429fa87eb0') in 0.0225195 seconds
Number of updated asset objects reloaded before import = 0Number of asset objects unloaded after import = 80

========================================================================
Received Import Request.
  Time since last request: 0.000024 seconds.
  path: Assets/Prefabs/Enviroment/HorizontalBarrier5_0.prefab
  artifactKey: Guid(8499a30cc1236ed4fbcdf724f7ffa60c) Importer(815301076,1909f56bfc062723c751e8b465ee728b)
Start importing Assets/Prefabs/Enviroment/HorizontalBarrier5_0.prefab using Guid(8499a30cc1236ed4fbcdf724f7ffa60c) Importer(815301076,1909f56bfc062723c751e8b465ee728b) (PreviewImporter) -> (artifact id: '544cb8c15594c2a531383d5a07f31e4b') in 0.025561 seconds
Number of updated asset objects reloaded before import = 0Number of asset objects unloaded after import = 80

========================================================================
Received Import Request.
  Time since last request: 0.000028 seconds.
  path: Assets/Prefabs/Enviroment/VerticalBarrier4_0.prefab
  artifactKey: Guid(7475bf14dd93a49459f9815aca8a1ddf) Importer(815301076,1909f56bfc062723c751e8b465ee728b)
Start importing Assets/Prefabs/Enviroment/VerticalBarrier4_0.prefab using Guid(7475bf14dd93a49459f9815aca8a1ddf) Importer(815301076,1909f56bfc062723c751e8b465ee728b) (PreviewImporter) -> (artifact id: '1df1ba36787fdb5aba523463c5d89a53') in 0.0246308 seconds
Number of updated asset objects reloaded before import = 0Number of asset objects unloaded after import = 80

========================================================================
Received Import Request.
  Time since last request: 1.697652 seconds.
  path: Assets/Prefabs/Enviroment/VerticalBarrier1_0.prefab
  artifactKey: Guid(d6e650186b1685145aa2bdea3907131c) Importer(815301076,1909f56bfc062723c751e8b465ee728b)
Start importing Assets/Prefabs/Enviroment/VerticalBarrier1_0.prefab using Guid(d6e650186b1685145aa2bdea3907131c) Importer(815301076,1909f56bfc062723c751e8b465ee728b) (PreviewImporter) -> (artifact id: '6eeacf03f32bc73e3a075d8f55fbf3a1') in 0.0221908 seconds
Number of updated asset objects reloaded before import = 0Number of asset objects unloaded after import = 80

========================================================================
Received Import Request.
  Time since last request: 0.000031 seconds.
  path: Assets/Prefabs/Enviroment/HorizontalBarrier5_0.prefab
  artifactKey: Guid(8499a30cc1236ed4fbcdf724f7ffa60c) Importer(815301076,1909f56bfc062723c751e8b465ee728b)
Start importing Assets/Prefabs/Enviroment/HorizontalBarrier5_0.prefab using Guid(8499a30cc1236ed4fbcdf724f7ffa60c) Importer(815301076,1909f56bfc062723c751e8b465ee728b) (PreviewImporter) -> (artifact id: '5a0cb4ffba19aee855989d8043a79ebd') in 0.0260557 seconds
Number of updated asset objects reloaded before import = 0Number of asset objects unloaded after import = 80

========================================================================
Received Import Request.
  Time since last request: 0.000043 seconds.
  path: Assets/Prefabs/Enviroment/VerticalBarrier4_0.prefab
  artifactKey: Guid(7475bf14dd93a49459f9815aca8a1ddf) Importer(815301076,1909f56bfc062723c751e8b465ee728b)
Start importing Assets/Prefabs/Enviroment/VerticalBarrier4_0.prefab using Guid(7475bf14dd93a49459f9815aca8a1ddf) Importer(815301076,1909f56bfc062723c751e8b465ee728b) (PreviewImporter) -> (artifact id: 'c1b38a3072c2cf6e34d22a33e480399f') in 0.0256422 seconds
Number of updated asset objects reloaded before import = 0Number of asset objects unloaded after import = 80

========================================================================
Received Import Request.
  Time since last request: 2.021306 seconds.
  path: Assets/Prefabs/Enviroment/VerticalBarrier1_0.prefab
  artifactKey: Guid(d6e650186b1685145aa2bdea3907131c) Importer(815301076,1909f56bfc062723c751e8b465ee728b)
Start importing Assets/Prefabs/Enviroment/VerticalBarrier1_0.prefab using Guid(d6e650186b1685145aa2bdea3907131c) Importer(815301076,1909f56bfc062723c751e8b465ee728b) (PreviewImporter) -> (artifact id: '9f4368d628d7292b929fe570645e5656') in 0.0251155 seconds
Number of updated asset objects reloaded before import = 0Number of asset objects unloaded after import = 80

========================================================================
Received Import Request.
  Time since last request: 0.000026 seconds.
  path: Assets/Prefabs/Enviroment/HorizontalBarrier5_0.prefab
  artifactKey: Guid(8499a30cc1236ed4fbcdf724f7ffa60c) Importer(815301076,1909f56bfc062723c751e8b465ee728b)
Start importing Assets/Prefabs/Enviroment/HorizontalBarrier5_0.prefab using Guid(8499a30cc1236ed4fbcdf724f7ffa60c) Importer(815301076,1909f56bfc062723c751e8b465ee728b) (PreviewImporter) -> (artifact id: '29c822802db79ad84a1901efdbfdab87') in 0.0252138 seconds
Number of updated asset objects reloaded before import = 0Number of asset objects unloaded after import = 80

========================================================================
Received Import Request.
  Time since last request: 0.000025 seconds.
  path: Assets/Prefabs/Enviroment/VerticalBarrier4_0.prefab
  artifactKey: Guid(7475bf14dd93a49459f9815aca8a1ddf) Importer(815301076,1909f56bfc062723c751e8b465ee728b)
Start importing Assets/Prefabs/Enviroment/VerticalBarrier4_0.prefab using Guid(7475bf14dd93a49459f9815aca8a1ddf) Importer(815301076,1909f56bfc062723c751e8b465ee728b) (PreviewImporter) -> (artifact id: '8ca36ded1d361e8a4ed8a195014d41a9') in 0.0280247 seconds
Number of updated asset objects reloaded before import = 0Number of asset objects unloaded after import = 80

========================================================================
Received Import Request.
  Time since last request: 1.896740 seconds.
  path: Assets/Prefabs/Enviroment/VerticalBarrier1_0.prefab
  artifactKey: Guid(d6e650186b1685145aa2bdea3907131c) Importer(815301076,1909f56bfc062723c751e8b465ee728b)
Start importing Assets/Prefabs/Enviroment/VerticalBarrier1_0.prefab using Guid(d6e650186b1685145aa2bdea3907131c) Importer(815301076,1909f56bfc062723c751e8b465ee728b) (PreviewImporter) -> (artifact id: 'b5e25b971dc9b171e3a91915bba25360') in 0.0225027 seconds
Number of updated asset objects reloaded before import = 0Number of asset objects unloaded after import = 80

========================================================================
Received Import Request.
  Time since last request: 0.000023 seconds.
  path: Assets/Prefabs/Enviroment/HorizontalBarrier5_0.prefab
  artifactKey: Guid(8499a30cc1236ed4fbcdf724f7ffa60c) Importer(815301076,1909f56bfc062723c751e8b465ee728b)
Start importing Assets/Prefabs/Enviroment/HorizontalBarrier5_0.prefab using Guid(8499a30cc1236ed4fbcdf724f7ffa60c) Importer(815301076,1909f56bfc062723c751e8b465ee728b) (PreviewImporter) -> (artifact id: 'ab4569c8df21fff8794d42769c1c5f2e') in 0.0258751 seconds
Number of updated asset objects reloaded before import = 0Number of asset objects unloaded after import = 80

========================================================================
Received Import Request.
  Time since last request: 0.000028 seconds.
  path: Assets/Prefabs/Enviroment/VerticalBarrier4_0.prefab
  artifactKey: Guid(7475bf14dd93a49459f9815aca8a1ddf) Importer(815301076,1909f56bfc062723c751e8b465ee728b)
Start importing Assets/Prefabs/Enviroment/VerticalBarrier4_0.prefab using Guid(7475bf14dd93a49459f9815aca8a1ddf) Importer(815301076,1909f56bfc062723c751e8b465ee728b) (PreviewImporter) -> (artifact id: '88846cc150ea098a226e99ecb24cfb9a') in 0.0293226 seconds
Number of updated asset objects reloaded before import = 0Number of asset objects unloaded after import = 80

========================================================================
Received Import Request.
  Time since last request: 1.470511 seconds.
  path: Assets/Prefabs/Enviroment/VerticalBarrier1_0.prefab
  artifactKey: Guid(d6e650186b1685145aa2bdea3907131c) Importer(815301076,1909f56bfc062723c751e8b465ee728b)
Start importing Assets/Prefabs/Enviroment/VerticalBarrier1_0.prefab using Guid(d6e650186b1685145aa2bdea3907131c) Importer(815301076,1909f56bfc062723c751e8b465ee728b) (PreviewImporter) -> (artifact id: '90d3a16d8ccc8e4126caa2befe0e0508') in 0.023671 seconds
Number of updated asset objects reloaded before import = 0Number of asset objects unloaded after import = 80

========================================================================
Received Import Request.
  Time since last request: 0.000029 seconds.
  path: Assets/Prefabs/Enviroment/HorizontalBarrier5_0.prefab
  artifactKey: Guid(8499a30cc1236ed4fbcdf724f7ffa60c) Importer(815301076,1909f56bfc062723c751e8b465ee728b)
Start importing Assets/Prefabs/Enviroment/HorizontalBarrier5_0.prefab using Guid(8499a30cc1236ed4fbcdf724f7ffa60c) Importer(815301076,1909f56bfc062723c751e8b465ee728b) (PreviewImporter) -> (artifact id: 'd7fde17fc6a8eb69d00cc196eb9c763c') in 0.0257422 seconds
Number of updated asset objects reloaded before import = 0Number of asset objects unloaded after import = 80

========================================================================
Received Import Request.
  Time since last request: 0.000040 seconds.
  path: Assets/Prefabs/Enviroment/VerticalBarrier4_0.prefab
  artifactKey: Guid(7475bf14dd93a49459f9815aca8a1ddf) Importer(815301076,1909f56bfc062723c751e8b465ee728b)
Start importing Assets/Prefabs/Enviroment/VerticalBarrier4_0.prefab using Guid(7475bf14dd93a49459f9815aca8a1ddf) Importer(815301076,1909f56bfc062723c751e8b465ee728b) (PreviewImporter) -> (artifact id: '53a0e89775fadc511c35c02651cdb1d9') in 0.0270493 seconds
Number of updated asset objects reloaded before import = 0Number of asset objects unloaded after import = 80

========================================================================
Received Import Request.
  Time since last request: 1.625616 seconds.
  path: Assets/Prefabs/Enviroment/VerticalBarrier1_0.prefab
  artifactKey: Guid(d6e650186b1685145aa2bdea3907131c) Importer(815301076,1909f56bfc062723c751e8b465ee728b)
Start importing Assets/Prefabs/Enviroment/VerticalBarrier1_0.prefab using Guid(d6e650186b1685145aa2bdea3907131c) Importer(815301076,1909f56bfc062723c751e8b465ee728b) (PreviewImporter) -> (artifact id: '4b7c282f23e01de61cd0a61a545971c6') in 0.0270808 seconds
Number of updated asset objects reloaded before import = 0Number of asset objects unloaded after import = 80

========================================================================
Received Import Request.
  Time since last request: 0.000026 seconds.
  path: Assets/Prefabs/Enviroment/HorizontalBarrier5_0.prefab
  artifactKey: Guid(8499a30cc1236ed4fbcdf724f7ffa60c) Importer(815301076,1909f56bfc062723c751e8b465ee728b)
Start importing Assets/Prefabs/Enviroment/HorizontalBarrier5_0.prefab using Guid(8499a30cc1236ed4fbcdf724f7ffa60c) Importer(815301076,1909f56bfc062723c751e8b465ee728b) (PreviewImporter) -> (artifact id: 'd65097c22e3c5ea7307ec767dd59a6b9') in 0.0265532 seconds
Number of updated asset objects reloaded before import = 0Number of asset objects unloaded after import = 80

========================================================================
Received Import Request.
  Time since last request: 0.000023 seconds.
  path: Assets/Prefabs/Enviroment/VerticalBarrier4_0.prefab
  artifactKey: Guid(7475bf14dd93a49459f9815aca8a1ddf) Importer(815301076,1909f56bfc062723c751e8b465ee728b)
Start importing Assets/Prefabs/Enviroment/VerticalBarrier4_0.prefab using Guid(7475bf14dd93a49459f9815aca8a1ddf) Importer(815301076,1909f56bfc062723c751e8b465ee728b) (PreviewImporter) -> (artifact id: 'd4a4914a189a7375a2a0694a83a2dcab') in 0.0258623 seconds
Number of updated asset objects reloaded before import = 0Number of asset objects unloaded after import = 80

========================================================================
Received Import Request.
  Time since last request: 2.030924 seconds.
  path: Assets/Prefabs/Enviroment/VerticalBarrier1_0.prefab
  artifactKey: Guid(d6e650186b1685145aa2bdea3907131c) Importer(815301076,1909f56bfc062723c751e8b465ee728b)
Start importing Assets/Prefabs/Enviroment/VerticalBarrier1_0.prefab using Guid(d6e650186b1685145aa2bdea3907131c) Importer(815301076,1909f56bfc062723c751e8b465ee728b) (PreviewImporter) -> (artifact id: '6896c59239fcad33652e662491d466f8') in 0.0283477 seconds
Number of updated asset objects reloaded before import = 0Number of asset objects unloaded after import = 80

========================================================================
Received Import Request.
  Time since last request: 0.000029 seconds.
  path: Assets/Prefabs/Enviroment/HorizontalBarrier5_0.prefab
  artifactKey: Guid(8499a30cc1236ed4fbcdf724f7ffa60c) Importer(815301076,1909f56bfc062723c751e8b465ee728b)
Start importing Assets/Prefabs/Enviroment/HorizontalBarrier5_0.prefab using Guid(8499a30cc1236ed4fbcdf724f7ffa60c) Importer(815301076,1909f56bfc062723c751e8b465ee728b) (PreviewImporter) -> (artifact id: '55cee45905b1d4ecd17ab98cd4e57ac1') in 0.0285155 seconds
Number of updated asset objects reloaded before import = 0Number of asset objects unloaded after import = 80

========================================================================
Received Import Request.
  Time since last request: 0.000027 seconds.
  path: Assets/Prefabs/Enviroment/VerticalBarrier4_0.prefab
  artifactKey: Guid(7475bf14dd93a49459f9815aca8a1ddf) Importer(815301076,1909f56bfc062723c751e8b465ee728b)
Start importing Assets/Prefabs/Enviroment/VerticalBarrier4_0.prefab using Guid(7475bf14dd93a49459f9815aca8a1ddf) Importer(815301076,1909f56bfc062723c751e8b465ee728b) (PreviewImporter) -> (artifact id: 'f794ef11f0730ef47215a6d5a6cbc2eb') in 0.0292187 seconds
Number of updated asset objects reloaded before import = 0Number of asset objects unloaded after import = 80

========================================================================
Received Import Request.
  Time since last request: 22.084789 seconds.
  path: Assets/Prefabs/Enviroment/VerticalBarrier1_0.prefab
  artifactKey: Guid(d6e650186b1685145aa2bdea3907131c) Importer(815301076,1909f56bfc062723c751e8b465ee728b)
Start importing Assets/Prefabs/Enviroment/VerticalBarrier1_0.prefab using Guid(d6e650186b1685145aa2bdea3907131c) Importer(815301076,1909f56bfc062723c751e8b465ee728b) (PreviewImporter) -> (artifact id: 'aee823322a89279b00a132b9b6613764') in 0.0234116 seconds
Number of updated asset objects reloaded before import = 0Number of asset objects unloaded after import = 80

========================================================================
Received Import Request.
  Time since last request: 0.000024 seconds.
  path: Assets/Prefabs/Enviroment/HorizontalBarrier5_0.prefab
  artifactKey: Guid(8499a30cc1236ed4fbcdf724f7ffa60c) Importer(815301076,1909f56bfc062723c751e8b465ee728b)
Start importing Assets/Prefabs/Enviroment/HorizontalBarrier5_0.prefab using Guid(8499a30cc1236ed4fbcdf724f7ffa60c) Importer(815301076,1909f56bfc062723c751e8b465ee728b) (PreviewImporter) -> (artifact id: '35ac48d2f51e1bd3342cd2758f83015d') in 0.0268517 seconds
Number of updated asset objects reloaded before import = 0Number of asset objects unloaded after import = 80

========================================================================
Received Import Request.
  Time since last request: 0.000472 seconds.
  path: Assets/Prefabs/Enviroment/VerticalBarrier4_0.prefab
  artifactKey: Guid(7475bf14dd93a49459f9815aca8a1ddf) Importer(815301076,1909f56bfc062723c751e8b465ee728b)
Start importing Assets/Prefabs/Enviroment/VerticalBarrier4_0.prefab using Guid(7475bf14dd93a49459f9815aca8a1ddf) Importer(815301076,1909f56bfc062723c751e8b465ee728b) (PreviewImporter) -> (artifact id: '4cc49fb3513df0fa7bebc18718010800') in 0.0291805 seconds
Number of updated asset objects reloaded before import = 0Number of asset objects unloaded after import = 80

========================================================================
Received Import Request.
  Time since last request: 1.943491 seconds.
  path: Assets/Prefabs/Enviroment/VerticalBarrier1_0.prefab
  artifactKey: Guid(d6e650186b1685145aa2bdea3907131c) Importer(815301076,1909f56bfc062723c751e8b465ee728b)
Start importing Assets/Prefabs/Enviroment/VerticalBarrier1_0.prefab using Guid(d6e650186b1685145aa2bdea3907131c) Importer(815301076,1909f56bfc062723c751e8b465ee728b) (PreviewImporter) -> (artifact id: '40f708304c302cb6316559d27aa9290d') in 0.0233645 seconds
Number of updated asset objects reloaded before import = 0Number of asset objects unloaded after import = 80

========================================================================
Received Import Request.
  Time since last request: 0.000025 seconds.
  path: Assets/Prefabs/Enviroment/HorizontalBarrier5_0.prefab
  artifactKey: Guid(8499a30cc1236ed4fbcdf724f7ffa60c) Importer(815301076,1909f56bfc062723c751e8b465ee728b)
Start importing Assets/Prefabs/Enviroment/HorizontalBarrier5_0.prefab using Guid(8499a30cc1236ed4fbcdf724f7ffa60c) Importer(815301076,1909f56bfc062723c751e8b465ee728b) (PreviewImporter) -> (artifact id: 'd3b17c2da65a4e81964ab6e5c352b333') in 0.0288318 seconds
Number of updated asset objects reloaded before import = 0Number of asset objects unloaded after import = 80

========================================================================
Received Import Request.
  Time since last request: 0.000025 seconds.
  path: Assets/Prefabs/Enviroment/VerticalBarrier4_0.prefab
  artifactKey: Guid(7475bf14dd93a49459f9815aca8a1ddf) Importer(815301076,1909f56bfc062723c751e8b465ee728b)
Start importing Assets/Prefabs/Enviroment/VerticalBarrier4_0.prefab using Guid(7475bf14dd93a49459f9815aca8a1ddf) Importer(815301076,1909f56bfc062723c751e8b465ee728b) (PreviewImporter) -> (artifact id: '62f59722bf01990decfcf9db944870e3') in 0.0279942 seconds
Number of updated asset objects reloaded before import = 0Number of asset objects unloaded after import = 80

========================================================================
Received Import Request.
  Time since last request: 9.376958 seconds.
  path: Assets/Prefabs/Enviroment/VerticalBarrier2_0.prefab
  artifactKey: Guid(bf0791756007781448d87c1680e8a619) Importer(815301076,1909f56bfc062723c751e8b465ee728b)
Start importing Assets/Prefabs/Enviroment/VerticalBarrier2_0.prefab using Guid(bf0791756007781448d87c1680e8a619) Importer(815301076,1909f56bfc062723c751e8b465ee728b) (PreviewImporter) -> (artifact id: '65dfd7fe9a35c3e94dc207f7b2a5cfec') in 0.0260952 seconds
Number of updated asset objects reloaded before import = 0Number of asset objects unloaded after import = 80

========================================================================
Received Import Request.
  Time since last request: 0.000029 seconds.
  path: Assets/Prefabs/Enviroment/HorizontalBarrier5_0.prefab
  artifactKey: Guid(8499a30cc1236ed4fbcdf724f7ffa60c) Importer(815301076,1909f56bfc062723c751e8b465ee728b)
Start importing Assets/Prefabs/Enviroment/HorizontalBarrier5_0.prefab using Guid(8499a30cc1236ed4fbcdf724f7ffa60c) Importer(815301076,1909f56bfc062723c751e8b465ee728b) (PreviewImporter) -> (artifact id: '3e4d70bc94052463c5b1a226e14b5b71') in 0.0275154 seconds
Number of updated asset objects reloaded before import = 0Number of asset objects unloaded after import = 80

========================================================================
Received Import Request.
  Time since last request: 0.000024 seconds.
  path: Assets/Prefabs/Enviroment/VerticalBarrier4_0.prefab
  artifactKey: Guid(7475bf14dd93a49459f9815aca8a1ddf) Importer(815301076,1909f56bfc062723c751e8b465ee728b)
Start importing Assets/Prefabs/Enviroment/VerticalBarrier4_0.prefab using Guid(7475bf14dd93a49459f9815aca8a1ddf) Importer(815301076,1909f56bfc062723c751e8b465ee728b) (PreviewImporter) -> (artifact id: '3bbc02eec38983b8ae5f25dc9a4c022f') in 0.0270155 seconds
Number of updated asset objects reloaded before import = 0Number of asset objects unloaded after import = 80

========================================================================
Received Import Request.
  Time since last request: 5.454161 seconds.
  path: Assets/Prefabs/Enviroment/VerticalBarrier3_0.prefab
  artifactKey: Guid(b56e033bba0b5954ea7c6f7be9e68839) Importer(815301076,1909f56bfc062723c751e8b465ee728b)
Start importing Assets/Prefabs/Enviroment/VerticalBarrier3_0.prefab using Guid(b56e033bba0b5954ea7c6f7be9e68839) Importer(815301076,1909f56bfc062723c751e8b465ee728b) (PreviewImporter) -> (artifact id: 'fa4d8ce8d7a737d67edcf5b5213eb9c8') in 0.026448 seconds
Number of updated asset objects reloaded before import = 0Number of asset objects unloaded after import = 80

========================================================================
Received Import Request.
  Time since last request: 0.000833 seconds.
  path: Assets/Prefabs/Enviroment/HorizontalBarrier5_0.prefab
  artifactKey: Guid(8499a30cc1236ed4fbcdf724f7ffa60c) Importer(815301076,1909f56bfc062723c751e8b465ee728b)
Start importing Assets/Prefabs/Enviroment/HorizontalBarrier5_0.prefab using Guid(8499a30cc1236ed4fbcdf724f7ffa60c) Importer(815301076,1909f56bfc062723c751e8b465ee728b) (PreviewImporter) -> (artifact id: 'ac5e8cb340706f94d7b1ad817410c4b4') in 0.0310582 seconds
Number of updated asset objects reloaded before import = 0Number of asset objects unloaded after import = 80

========================================================================
Received Import Request.
  Time since last request: 0.000024 seconds.
  path: Assets/Prefabs/Enviroment/VerticalBarrier1_0.prefab
  artifactKey: Guid(d6e650186b1685145aa2bdea3907131c) Importer(815301076,1909f56bfc062723c751e8b465ee728b)
Start importing Assets/Prefabs/Enviroment/VerticalBarrier1_0.prefab using Guid(d6e650186b1685145aa2bdea3907131c) Importer(815301076,1909f56bfc062723c751e8b465ee728b) (PreviewImporter) -> (artifact id: '9878949bcc9a18b9bb22abc7342aaf0f') in 0.0259885 seconds
Number of updated asset objects reloaded before import = 0Number of asset objects unloaded after import = 80

========================================================================
Received Import Request.
  Time since last request: 3.239301 seconds.
  path: Assets/Prefabs/Enviroment/VerticalBarrier4_0.prefab
  artifactKey: Guid(7475bf14dd93a49459f9815aca8a1ddf) Importer(815301076,1909f56bfc062723c751e8b465ee728b)
Start importing Assets/Prefabs/Enviroment/VerticalBarrier4_0.prefab using Guid(7475bf14dd93a49459f9815aca8a1ddf) Importer(815301076,1909f56bfc062723c751e8b465ee728b) (PreviewImporter) -> (artifact id: 'a15bb484192b7bb24007ad90a151f749') in 0.0227963 seconds
Number of updated asset objects reloaded before import = 0Number of asset objects unloaded after import = 80

========================================================================
Received Import Request.
  Time since last request: 0.000023 seconds.
  path: Assets/Prefabs/Enviroment/HorizontalBarrier5_0.prefab
  artifactKey: Guid(8499a30cc1236ed4fbcdf724f7ffa60c) Importer(815301076,1909f56bfc062723c751e8b465ee728b)
Start importing Assets/Prefabs/Enviroment/HorizontalBarrier5_0.prefab using Guid(8499a30cc1236ed4fbcdf724f7ffa60c) Importer(815301076,1909f56bfc062723c751e8b465ee728b) (PreviewImporter) -> (artifact id: 'eaed439f3bb1f2dbf976a25def5b8b7c') in 0.0243898 seconds
Number of updated asset objects reloaded before import = 0Number of asset objects unloaded after import = 80

========================================================================
Received Import Request.
  Time since last request: 0.000029 seconds.
  path: Assets/Prefabs/Enviroment/VerticalBarrier2_0.prefab
  artifactKey: Guid(bf0791756007781448d87c1680e8a619) Importer(815301076,1909f56bfc062723c751e8b465ee728b)
Start importing Assets/Prefabs/Enviroment/VerticalBarrier2_0.prefab using Guid(bf0791756007781448d87c1680e8a619) Importer(815301076,1909f56bfc062723c751e8b465ee728b) (PreviewImporter) -> (artifact id: '3cf952a8aa2b3f6716e389d1e959db81') in 0.0236174 seconds
Number of updated asset objects reloaded before import = 0Number of asset objects unloaded after import = 80

========================================================================
Received Import Request.
  Time since last request: 2.515529 seconds.
  path: Assets/Prefabs/Enviroment/VerticalBarrier5_0.prefab
  artifactKey: Guid(dfdd39eb39a53d542bb2d995f71c28b8) Importer(815301076,1909f56bfc062723c751e8b465ee728b)
Start importing Assets/Prefabs/Enviroment/VerticalBarrier5_0.prefab using Guid(dfdd39eb39a53d542bb2d995f71c28b8) Importer(815301076,1909f56bfc062723c751e8b465ee728b) (PreviewImporter) -> (artifact id: '5e35a94692da48709d2e64d9ad05afb8') in 0.0234943 seconds
Number of updated asset objects reloaded before import = 0Number of asset objects unloaded after import = 80

========================================================================
Received Import Request.
  Time since last request: 0.000026 seconds.
  path: Assets/Prefabs/Enviroment/HorizontalBarrier5_0.prefab
  artifactKey: Guid(8499a30cc1236ed4fbcdf724f7ffa60c) Importer(815301076,1909f56bfc062723c751e8b465ee728b)
Start importing Assets/Prefabs/Enviroment/HorizontalBarrier5_0.prefab using Guid(8499a30cc1236ed4fbcdf724f7ffa60c) Importer(815301076,1909f56bfc062723c751e8b465ee728b) (PreviewImporter) -> (artifact id: 'dcb119b01a25d80e1e6512e5e644c883') in 0.0274516 seconds
Number of updated asset objects reloaded before import = 0Number of asset objects unloaded after import = 80

========================================================================
Received Import Request.
  Time since last request: 0.000030 seconds.
  path: Assets/Prefabs/Enviroment/VerticalBarrier4_0.prefab
  artifactKey: Guid(7475bf14dd93a49459f9815aca8a1ddf) Importer(815301076,1909f56bfc062723c751e8b465ee728b)
Start importing Assets/Prefabs/Enviroment/VerticalBarrier4_0.prefab using Guid(7475bf14dd93a49459f9815aca8a1ddf) Importer(815301076,1909f56bfc062723c751e8b465ee728b) (PreviewImporter) -> (artifact id: 'f03979a09d384b42eb9c3b8a873b58d3') in 0.0272205 seconds
Number of updated asset objects reloaded before import = 0Number of asset objects unloaded after import = 80

========================================================================
Received Prepare
Begin MonoManager ReloadAssembly
- Loaded All Assemblies, in  1.455 seconds
Refreshing native plugins compatible for Editor in 5.30 ms, found 4 plugins.
Native extension for Android target not found
Native extension for UWP target not found
Native extension for WindowsStandalone target not found
Mono: successfully reloaded assembly
- Finished resetting the current domain, in  1.353 seconds
Domain Reload Profiling: 2810ms
	BeginReloadAssembly (409ms)
		ExecutionOrderSort (0ms)
		DisableScriptedObjects (30ms)
		BackupInstance (0ms)
		ReleaseScriptingObjects (0ms)
		CreateAndSetChildDomain (82ms)
	RebuildCommonClasses (87ms)
	RebuildNativeTypeToScriptingClass (33ms)
	initialDomainReloadingComplete (54ms)
	LoadAllAssembliesAndSetupDomain (872ms)
		LoadAssemblies (751ms)
		RebuildTransferFunctionScriptingTraits (0ms)
		AnalyzeDomain (361ms)
			TypeCache.Refresh (12ms)
				TypeCache.ScanAssembly (0ms)
			BuildScriptInfoCaches (329ms)
			ResolveRequiredComponents (15ms)
	FinalizeReload (1354ms)
		ReleaseScriptCaches (0ms)
		RebuildScriptCaches (0ms)
		SetupLoadedEditorAssemblies (1039ms)
			LogAssemblyErrors (0ms)
			InitializePlatformSupportModulesInManaged (29ms)
			SetLoadedEditorAssemblies (13ms)
			BeforeProcessingInitializeOnLoad (266ms)
			ProcessInitializeOnLoadAttributes (644ms)
			ProcessInitializeOnLoadMethodAttributes (83ms)
			AfterProcessingInitializeOnLoad (4ms)
			EditorAssembliesLoaded (0ms)
		ExecutionOrderSort2 (0ms)
		AwakeInstancesAfterBackupRestoration (20ms)
Refreshing native plugins compatible for Editor in 5.11 ms, found 4 plugins.
Preloading 0 native plugins for Editor in 0.00 ms.
Unloading 0 Unused Serialized files (Serialized files now loaded: 0)
Unloading 4356 unused Assets / (132.0 KB). Loaded Objects now: 4909.
Memory consumption went from 93.6 MB to 93.5 MB.
Total: 28.206900 ms (FindLiveObjects: 0.900400 ms CreateObjectMapping: 0.517700 ms MarkObjects: 24.727700 ms  DeleteObjects: 2.059000 ms)

Prepare: number of updated asset objects reloaded= 0
========================================================================
Received Prepare
Begin MonoManager ReloadAssembly
- Loaded All Assemblies, in  1.482 seconds
Refreshing native plugins compatible for Editor in 3.75 ms, found 4 plugins.
Native extension for Android target not found
Native extension for UWP target not found
Native extension for WindowsStandalone target not found
Mono: successfully reloaded assembly
- Finished resetting the current domain, in  1.290 seconds
Domain Reload Profiling: 2772ms
	BeginReloadAssembly (392ms)
		ExecutionOrderSort (0ms)
		DisableScriptedObjects (34ms)
		BackupInstance (0ms)
		ReleaseScriptingObjects (0ms)
		CreateAndSetChildDomain (71ms)
	RebuildCommonClasses (86ms)
	RebuildNativeTypeToScriptingClass (31ms)
	initialDomainReloadingComplete (58ms)
	LoadAllAssembliesAndSetupDomain (915ms)
		LoadAssemblies (790ms)
		RebuildTransferFunctionScriptingTraits (0ms)
		AnalyzeDomain (351ms)
			TypeCache.Refresh (15ms)
				TypeCache.ScanAssembly (0ms)
			BuildScriptInfoCaches (316ms)
			ResolveRequiredComponents (15ms)
	FinalizeReload (1291ms)
		ReleaseScriptCaches (0ms)
		RebuildScriptCaches (0ms)
		SetupLoadedEditorAssemblies (996ms)
			LogAssemblyErrors (0ms)
			InitializePlatformSupportModulesInManaged (26ms)
			SetLoadedEditorAssemblies (11ms)
			BeforeProcessingInitializeOnLoad (227ms)
			ProcessInitializeOnLoadAttributes (642ms)
			ProcessInitializeOnLoadMethodAttributes (84ms)
			AfterProcessingInitializeOnLoad (6ms)
			EditorAssembliesLoaded (0ms)
		ExecutionOrderSort2 (0ms)
		AwakeInstancesAfterBackupRestoration (16ms)
Refreshing native plugins compatible for Editor in 5.10 ms, found 4 plugins.
Preloading 0 native plugins for Editor in 0.00 ms.
Unloading 0 Unused Serialized files (Serialized files now loaded: 0)
Unloading 4356 unused Assets / (0.9 MB). Loaded Objects now: 4911.
Memory consumption went from 93.6 MB to 92.8 MB.
Total: 29.373200 ms (FindLiveObjects: 0.893400 ms CreateObjectMapping: 0.520700 ms MarkObjects: 21.985800 ms  DeleteObjects: 5.971000 ms)

Prepare: number of updated asset objects reloaded= 0
========================================================================
Received Prepare
Begin MonoManager ReloadAssembly
- Loaded All Assemblies, in  1.361 seconds
Refreshing native plugins compatible for Editor in 4.28 ms, found 4 plugins.
Native extension for Android target not found
Native extension for UWP target not found
Native extension for WindowsStandalone target not found
Mono: successfully reloaded assembly
- Finished resetting the current domain, in  1.243 seconds
Domain Reload Profiling: 2603ms
	BeginReloadAssembly (402ms)
		ExecutionOrderSort (0ms)
		DisableScriptedObjects (35ms)
		BackupInstance (0ms)
		ReleaseScriptingObjects (0ms)
		CreateAndSetChildDomain (71ms)
	RebuildCommonClasses (85ms)
	RebuildNativeTypeToScriptingClass (32ms)
	initialDomainReloadingComplete (51ms)
	LoadAllAssembliesAndSetupDomain (790ms)
		LoadAssemblies (704ms)
		RebuildTransferFunctionScriptingTraits (0ms)
		AnalyzeDomain (324ms)
			TypeCache.Refresh (11ms)
				TypeCache.ScanAssembly (0ms)
			BuildScriptInfoCaches (298ms)
			ResolveRequiredComponents (11ms)
	FinalizeReload (1243ms)
		ReleaseScriptCaches (0ms)
		RebuildScriptCaches (0ms)
		SetupLoadedEditorAssemblies (946ms)
			LogAssemblyErrors (0ms)
			InitializePlatformSupportModulesInManaged (23ms)
			SetLoadedEditorAssemblies (12ms)
			BeforeProcessingInitializeOnLoad (217ms)
			ProcessInitializeOnLoadAttributes (609ms)
			ProcessInitializeOnLoadMethodAttributes (80ms)
			AfterProcessingInitializeOnLoad (5ms)
			EditorAssembliesLoaded (0ms)
		ExecutionOrderSort2 (0ms)
		AwakeInstancesAfterBackupRestoration (16ms)
Refreshing native plugins compatible for Editor in 5.21 ms, found 4 plugins.
Preloading 0 native plugins for Editor in 0.00 ms.
Unloading 0 Unused Serialized files (Serialized files now loaded: 0)
Unloading 4356 unused Assets / (0.6 MB). Loaded Objects now: 4913.
Memory consumption went from 93.6 MB to 93.0 MB.
Total: 15.965200 ms (FindLiveObjects: 1.286200 ms CreateObjectMapping: 0.722200 ms MarkObjects: 11.871600 ms  DeleteObjects: 2.082500 ms)

Prepare: number of updated asset objects reloaded= 0
========================================================================
Received Import Request.
  Time since last request: 130.220480 seconds.
  path: Assets/Prefabs/Enviroment/HorizontalBarrier2_0.prefab
  artifactKey: Guid(d2f161e7c5f2d994493d2a9d698a4aac) Importer(815301076,1909f56bfc062723c751e8b465ee728b)
Start importing Assets/Prefabs/Enviroment/HorizontalBarrier2_0.prefab using Guid(d2f161e7c5f2d994493d2a9d698a4aac) Importer(815301076,1909f56bfc062723c751e8b465ee728b) (PreviewImporter) -> (artifact id: '82748cd6fb566a35ce67f9548f47949c') in 0.242201 seconds
Number of updated asset objects reloaded before import = 0Number of asset objects unloaded after import = 80

========================================================================
Received Import Request.
  Time since last request: 0.000117 seconds.
  path: Assets/Prefabs/Enviroment/HorizontalBarrier5_0.prefab
  artifactKey: Guid(8499a30cc1236ed4fbcdf724f7ffa60c) Importer(815301076,1909f56bfc062723c751e8b465ee728b)
Start importing Assets/Prefabs/Enviroment/HorizontalBarrier5_0.prefab using Guid(8499a30cc1236ed4fbcdf724f7ffa60c) Importer(815301076,1909f56bfc062723c751e8b465ee728b) (PreviewImporter) -> (artifact id: 'b55df7f6cda9afde45886213bfcc9454') in 0.039258 seconds
Number of updated asset objects reloaded before import = 0Number of asset objects unloaded after import = 80

========================================================================
Received Import Request.
  Time since last request: 0.000034 seconds.
  path: Assets/Prefabs/Enviroment/VerticalBarrier5_0.prefab
  artifactKey: Guid(dfdd39eb39a53d542bb2d995f71c28b8) Importer(815301076,1909f56bfc062723c751e8b465ee728b)
Start importing Assets/Prefabs/Enviroment/VerticalBarrier5_0.prefab using Guid(dfdd39eb39a53d542bb2d995f71c28b8) Importer(815301076,1909f56bfc062723c751e8b465ee728b) (PreviewImporter) -> (artifact id: '107b4cd8a900ac0b80f8d474709f4cf1') in 0.0288274 seconds
Number of updated asset objects reloaded before import = 0Number of asset objects unloaded after import = 80

========================================================================
Received Import Request.
  Time since last request: 0.000196 seconds.
  path: Assets/Prefabs/Enviroment/HorizontalBarrier_blue.prefab
  artifactKey: Guid(ed4381e4e935c90418ef425eb0a648d1) Importer(815301076,1909f56bfc062723c751e8b465ee728b)
Start importing Assets/Prefabs/Enviroment/HorizontalBarrier_blue.prefab using Guid(ed4381e4e935c90418ef425eb0a648d1) Importer(815301076,1909f56bfc062723c751e8b465ee728b) (PreviewImporter) -> (artifact id: '80ac0260ce4bd19e211831deb4bce20a') in 0.0299787 seconds
Number of updated asset objects reloaded before import = 0Number of asset objects unloaded after import = 80

========================================================================
Received Import Request.
  Time since last request: 0.000028 seconds.
  path: Assets/Prefabs/Enviroment/VerticalBarrier1_0.prefab
  artifactKey: Guid(d6e650186b1685145aa2bdea3907131c) Importer(815301076,1909f56bfc062723c751e8b465ee728b)
Start importing Assets/Prefabs/Enviroment/VerticalBarrier1_0.prefab using Guid(d6e650186b1685145aa2bdea3907131c) Importer(815301076,1909f56bfc062723c751e8b465ee728b) (PreviewImporter) -> (artifact id: 'aa2cd027a6a6d1f67a3d26b93dd65fbc') in 0.0297725 seconds
Number of updated asset objects reloaded before import = 0Number of asset objects unloaded after import = 80

========================================================================
Received Import Request.
  Time since last request: 0.000035 seconds.
  path: Assets/Prefabs/Enviroment/HorizontalBarrier3_0.prefab
  artifactKey: Guid(d75ed3e12d3dc2e428f20e4188128ea3) Importer(815301076,1909f56bfc062723c751e8b465ee728b)
Start importing Assets/Prefabs/Enviroment/HorizontalBarrier3_0.prefab using Guid(d75ed3e12d3dc2e428f20e4188128ea3) Importer(815301076,1909f56bfc062723c751e8b465ee728b) (PreviewImporter) -> (artifact id: 'f0b6b8070bf132a9d21146b1df1e4acc') in 0.0265615 seconds
Number of updated asset objects reloaded before import = 0Number of asset objects unloaded after import = 80

========================================================================
Received Prepare
Begin MonoManager ReloadAssembly
- Loaded All Assemblies, in  1.445 seconds
Refreshing native plugins compatible for Editor in 4.89 ms, found 4 plugins.
Native extension for Android target not found
Native extension for UWP target not found
Native extension for WindowsStandalone target not found
Mono: successfully reloaded assembly
- Finished resetting the current domain, in  1.236 seconds
Domain Reload Profiling: 2681ms
	BeginReloadAssembly (406ms)
		ExecutionOrderSort (0ms)
		DisableScriptedObjects (33ms)
		BackupInstance (0ms)
		ReleaseScriptingObjects (0ms)
		CreateAndSetChildDomain (81ms)
	RebuildCommonClasses (83ms)
	RebuildNativeTypeToScriptingClass (35ms)
	initialDomainReloadingComplete (57ms)
	LoadAllAssembliesAndSetupDomain (864ms)
		LoadAssemblies (715ms)
		RebuildTransferFunctionScriptingTraits (0ms)
		AnalyzeDomain (383ms)
			TypeCache.Refresh (12ms)
				TypeCache.ScanAssembly (0ms)
			BuildScriptInfoCaches (353ms)
			ResolveRequiredComponents (13ms)
	FinalizeReload (1237ms)
		ReleaseScriptCaches (0ms)
		RebuildScriptCaches (0ms)
		SetupLoadedEditorAssemblies (950ms)
			LogAssemblyErrors (0ms)
			InitializePlatformSupportModulesInManaged (24ms)
			SetLoadedEditorAssemblies (10ms)
			BeforeProcessingInitializeOnLoad (220ms)
			ProcessInitializeOnLoadAttributes (612ms)
			ProcessInitializeOnLoadMethodAttributes (79ms)
			AfterProcessingInitializeOnLoad (4ms)
			EditorAssembliesLoaded (0ms)
		ExecutionOrderSort2 (0ms)
		AwakeInstancesAfterBackupRestoration (17ms)
Refreshing native plugins compatible for Editor in 14.55 ms, found 4 plugins.
Preloading 0 native plugins for Editor in 0.00 ms.
Unloading 0 Unused Serialized files (Serialized files now loaded: 0)
Unloading 4356 unused Assets / (146.9 KB). Loaded Objects now: 4915.
Memory consumption went from 93.6 MB to 93.5 MB.
Total: 25.844400 ms (FindLiveObjects: 0.893000 ms CreateObjectMapping: 0.506900 ms MarkObjects: 22.556800 ms  DeleteObjects: 1.885200 ms)

Prepare: number of updated asset objects reloaded= 0
========================================================================
Received Prepare
Begin MonoManager ReloadAssembly
- Loaded All Assemblies, in  1.487 seconds
Refreshing native plugins compatible for Editor in 3.99 ms, found 4 plugins.
Native extension for Android target not found
Native extension for UWP target not found
Native extension for WindowsStandalone target not found
Mono: successfully reloaded assembly
- Finished resetting the current domain, in  1.283 seconds
Domain Reload Profiling: 2771ms
	BeginReloadAssembly (417ms)
		ExecutionOrderSort (0ms)
		DisableScriptedObjects (32ms)
		BackupInstance (0ms)
		ReleaseScriptingObjects (0ms)
		CreateAndSetChildDomain (84ms)
	RebuildCommonClasses (85ms)
	RebuildNativeTypeToScriptingClass (32ms)
	initialDomainReloadingComplete (54ms)
	LoadAllAssembliesAndSetupDomain (899ms)
		LoadAssemblies (749ms)
		RebuildTransferFunctionScriptingTraits (0ms)
		AnalyzeDomain (390ms)
			TypeCache.Refresh (13ms)
				TypeCache.ScanAssembly (0ms)
			BuildScriptInfoCaches (356ms)
			ResolveRequiredComponents (16ms)
	FinalizeReload (1284ms)
		ReleaseScriptCaches (0ms)
		RebuildScriptCaches (0ms)
		SetupLoadedEditorAssemblies (988ms)
			LogAssemblyErrors (0ms)
			InitializePlatformSupportModulesInManaged (28ms)
			SetLoadedEditorAssemblies (9ms)
			BeforeProcessingInitializeOnLoad (232ms)
			ProcessInitializeOnLoadAttributes (634ms)
			ProcessInitializeOnLoadMethodAttributes (80ms)
			AfterProcessingInitializeOnLoad (4ms)
			EditorAssembliesLoaded (1ms)
		ExecutionOrderSort2 (0ms)
		AwakeInstancesAfterBackupRestoration (17ms)
Refreshing native plugins compatible for Editor in 6.67 ms, found 4 plugins.
Preloading 0 native plugins for Editor in 0.00 ms.
Unloading 0 Unused Serialized files (Serialized files now loaded: 0)
Unloading 4356 unused Assets / (1.0 MB). Loaded Objects now: 4917.
Memory consumption went from 93.6 MB to 92.6 MB.
Total: 15.026200 ms (FindLiveObjects: 0.953800 ms CreateObjectMapping: 0.556600 ms MarkObjects: 11.069200 ms  DeleteObjects: 2.443900 ms)

Prepare: number of updated asset objects reloaded= 0
========================================================================
Received Import Request.
  Time since last request: 37.998595 seconds.
  path: Assets/Sprites/Player/IdleFacing.png
  artifactKey: Guid(af9f29a19a3d37748bbabb1fbe5826e6) Importer(815301076,1909f56bfc062723c751e8b465ee728b)
Start importing Assets/Sprites/Player/IdleFacing.png using Guid(af9f29a19a3d37748bbabb1fbe5826e6) Importer(815301076,1909f56bfc062723c751e8b465ee728b) (PreviewImporter) -> (artifact id: 'c08ad1f10c41c1e4d13ce4eda4873061') in 0.4591732 seconds
Number of updated asset objects reloaded before import = 0Number of asset objects unloaded after import = 8

========================================================================
Received Prepare
Begin MonoManager ReloadAssembly
- Loaded All Assemblies, in  1.411 seconds
Refreshing native plugins compatible for Editor in 5.50 ms, found 4 plugins.
Native extension for Android target not found
Native extension for UWP target not found
Native extension for WindowsStandalone target not found
Mono: successfully reloaded assembly
- Finished resetting the current domain, in  1.311 seconds
Domain Reload Profiling: 2722ms
	BeginReloadAssembly (396ms)
		ExecutionOrderSort (0ms)
		DisableScriptedObjects (31ms)
		BackupInstance (0ms)
		ReleaseScriptingObjects (0ms)
		CreateAndSetChildDomain (75ms)
	RebuildCommonClasses (84ms)
	RebuildNativeTypeToScriptingClass (34ms)
	initialDomainReloadingComplete (55ms)
	LoadAllAssembliesAndSetupDomain (842ms)
		LoadAssemblies (703ms)
		RebuildTransferFunctionScriptingTraits (0ms)
		AnalyzeDomain (366ms)
			TypeCache.Refresh (10ms)
				TypeCache.ScanAssembly (0ms)
			BuildScriptInfoCaches (338ms)
			ResolveRequiredComponents (14ms)
	FinalizeReload (1312ms)
		ReleaseScriptCaches (0ms)
		RebuildScriptCaches (0ms)
		SetupLoadedEditorAssemblies (1017ms)
			LogAssemblyErrors (0ms)
			InitializePlatformSupportModulesInManaged (26ms)
			SetLoadedEditorAssemblies (9ms)
			BeforeProcessingInitializeOnLoad (234ms)
			ProcessInitializeOnLoadAttributes (660ms)
			ProcessInitializeOnLoadMethodAttributes (81ms)
			AfterProcessingInitializeOnLoad (6ms)
			EditorAssembliesLoaded (0ms)
		ExecutionOrderSort2 (0ms)
		AwakeInstancesAfterBackupRestoration (24ms)
Refreshing native plugins compatible for Editor in 40.23 ms, found 4 plugins.
Preloading 0 native plugins for Editor in 0.00 ms.
Unloading 0 Unused Serialized files (Serialized files now loaded: 0)
Unloading 4356 unused Assets / (132.0 KB). Loaded Objects now: 4923.
Memory consumption went from 93.6 MB to 93.5 MB.
Total: 22.085900 ms (FindLiveObjects: 1.666100 ms CreateObjectMapping: 2.191600 ms MarkObjects: 12.490000 ms  DeleteObjects: 5.736100 ms)

Prepare: number of updated asset objects reloaded= 0
========================================================================
Received Prepare
Begin MonoManager ReloadAssembly
- Loaded All Assemblies, in  1.302 seconds
Refreshing native plugins compatible for Editor in 5.22 ms, found 4 plugins.
Native extension for Android target not found
Native extension for UWP target not found
Native extension for WindowsStandalone target not found
Mono: successfully reloaded assembly
- Finished resetting the current domain, in  1.258 seconds
Domain Reload Profiling: 2561ms
	BeginReloadAssembly (359ms)
		ExecutionOrderSort (0ms)
		DisableScriptedObjects (29ms)
		BackupInstance (0ms)
		ReleaseScriptingObjects (0ms)
		CreateAndSetChildDomain (67ms)
	RebuildCommonClasses (75ms)
	RebuildNativeTypeToScriptingClass (32ms)
	initialDomainReloadingComplete (48ms)
	LoadAllAssembliesAndSetupDomain (789ms)
		LoadAssemblies (636ms)
		RebuildTransferFunctionScriptingTraits (0ms)
		AnalyzeDomain (359ms)
			TypeCache.Refresh (11ms)
				TypeCache.ScanAssembly (0ms)
			BuildScriptInfoCaches (329ms)
			ResolveRequiredComponents (14ms)
	FinalizeReload (1259ms)
		ReleaseScriptCaches (0ms)
		RebuildScriptCaches (0ms)
		SetupLoadedEditorAssemblies (953ms)
			LogAssemblyErrors (0ms)
			InitializePlatformSupportModulesInManaged (29ms)
			SetLoadedEditorAssemblies (12ms)
			BeforeProcessingInitializeOnLoad (226ms)
			ProcessInitializeOnLoadAttributes (601ms)
			ProcessInitializeOnLoadMethodAttributes (82ms)
			AfterProcessingInitializeOnLoad (4ms)
			EditorAssembliesLoaded (0ms)
		ExecutionOrderSort2 (0ms)
		AwakeInstancesAfterBackupRestoration (15ms)
Refreshing native plugins compatible for Editor in 5.27 ms, found 4 plugins.
Preloading 0 native plugins for Editor in 0.00 ms.
Unloading 0 Unused Serialized files (Serialized files now loaded: 0)
Unloading 4356 unused Assets / (131.0 KB). Loaded Objects now: 4925.
Memory consumption went from 93.6 MB to 93.5 MB.
Total: 14.269800 ms (FindLiveObjects: 0.950800 ms CreateObjectMapping: 0.516700 ms MarkObjects: 11.020600 ms  DeleteObjects: 1.779300 ms)

Prepare: number of updated asset objects reloaded= 0
========================================================================
Received Prepare
Begin MonoManager ReloadAssembly
- Loaded All Assemblies, in  1.324 seconds
Refreshing native plugins compatible for Editor in 4.63 ms, found 4 plugins.
Native extension for Android target not found
Native extension for UWP target not found
Native extension for WindowsStandalone target not found
Mono: successfully reloaded assembly
- Finished resetting the current domain, in  1.178 seconds
Domain Reload Profiling: 2502ms
	BeginReloadAssembly (391ms)
		ExecutionOrderSort (0ms)
		DisableScriptedObjects (29ms)
		BackupInstance (0ms)
		ReleaseScriptingObjects (0ms)
		CreateAndSetChildDomain (72ms)
	RebuildCommonClasses (83ms)
	RebuildNativeTypeToScriptingClass (30ms)
	initialDomainReloadingComplete (58ms)
	LoadAllAssembliesAndSetupDomain (760ms)
		LoadAssemblies (651ms)
		RebuildTransferFunctionScriptingTraits (0ms)
		AnalyzeDomain (344ms)
			TypeCache.Refresh (15ms)
				TypeCache.ScanAssembly (2ms)
			BuildScriptInfoCaches (310ms)
			ResolveRequiredComponents (13ms)
	FinalizeReload (1179ms)
		ReleaseScriptCaches (0ms)
		RebuildScriptCaches (0ms)
		SetupLoadedEditorAssemblies (908ms)
			LogAssemblyErrors (0ms)
			InitializePlatformSupportModulesInManaged (22ms)
			SetLoadedEditorAssemblies (9ms)
			BeforeProcessingInitializeOnLoad (223ms)
			ProcessInitializeOnLoadAttributes (572ms)
			ProcessInitializeOnLoadMethodAttributes (76ms)
			AfterProcessingInitializeOnLoad (5ms)
			EditorAssembliesLoaded (0ms)
		ExecutionOrderSort2 (0ms)
		AwakeInstancesAfterBackupRestoration (13ms)
Refreshing native plugins compatible for Editor in 5.62 ms, found 4 plugins.
Preloading 0 native plugins for Editor in 0.00 ms.
Unloading 0 Unused Serialized files (Serialized files now loaded: 0)
Unloading 4356 unused Assets / (131.0 KB). Loaded Objects now: 4927.
Memory consumption went from 93.6 MB to 93.5 MB.
Total: 15.203500 ms (FindLiveObjects: 0.931900 ms CreateObjectMapping: 0.506200 ms MarkObjects: 11.793200 ms  DeleteObjects: 1.969500 ms)

Prepare: number of updated asset objects reloaded= 0
========================================================================
Received Prepare
Begin MonoManager ReloadAssembly
- Loaded All Assemblies, in  1.370 seconds
Refreshing native plugins compatible for Editor in 3.79 ms, found 4 plugins.
Native extension for Android target not found
Native extension for UWP target not found
Native extension for WindowsStandalone target not found
Mono: successfully reloaded assembly
- Finished resetting the current domain, in  1.263 seconds
Domain Reload Profiling: 2634ms
	BeginReloadAssembly (412ms)
		ExecutionOrderSort (0ms)
		DisableScriptedObjects (34ms)
		BackupInstance (0ms)
		ReleaseScriptingObjects (0ms)
		CreateAndSetChildDomain (86ms)
	RebuildCommonClasses (84ms)
	RebuildNativeTypeToScriptingClass (30ms)
	initialDomainReloadingComplete (51ms)
	LoadAllAssembliesAndSetupDomain (793ms)
		LoadAssemblies (687ms)
		RebuildTransferFunctionScriptingTraits (0ms)
		AnalyzeDomain (340ms)
			TypeCache.Refresh (9ms)
				TypeCache.ScanAssembly (0ms)
			BuildScriptInfoCaches (311ms)
			ResolveRequiredComponents (15ms)
	FinalizeReload (1264ms)
		ReleaseScriptCaches (0ms)
		RebuildScriptCaches (0ms)
		SetupLoadedEditorAssemblies (983ms)
			LogAssemblyErrors (0ms)
			InitializePlatformSupportModulesInManaged (23ms)
			SetLoadedEditorAssemblies (10ms)
			BeforeProcessingInitializeOnLoad (222ms)
			ProcessInitializeOnLoadAttributes (644ms)
			ProcessInitializeOnLoadMethodAttributes (78ms)
			AfterProcessingInitializeOnLoad (5ms)
			EditorAssembliesLoaded (0ms)
		ExecutionOrderSort2 (0ms)
		AwakeInstancesAfterBackupRestoration (17ms)
Refreshing native plugins compatible for Editor in 6.03 ms, found 4 plugins.
Preloading 0 native plugins for Editor in 0.00 ms.
Unloading 0 Unused Serialized files (Serialized files now loaded: 0)
Unloading 4356 unused Assets / (0.6 MB). Loaded Objects now: 4929.
Memory consumption went from 95.6 MB to 94.9 MB.
Total: 16.630300 ms (FindLiveObjects: 1.033600 ms CreateObjectMapping: 0.801200 ms MarkObjects: 12.335100 ms  DeleteObjects: 2.457800 ms)

Prepare: number of updated asset objects reloaded= 0
========================================================================
Received Import Request.
  Time since last request: 213.910977 seconds.
  path: Assets/Prefabs/Enviroment/VerticalBarrier1_0.prefab
  artifactKey: Guid(d6e650186b1685145aa2bdea3907131c) Importer(815301076,1909f56bfc062723c751e8b465ee728b)
Start importing Assets/Prefabs/Enviroment/VerticalBarrier1_0.prefab using Guid(d6e650186b1685145aa2bdea3907131c) Importer(815301076,1909f56bfc062723c751e8b465ee728b) (PreviewImporter) -> (artifact id: 'b7fb1eedc4404fbb009da7f5eb74f3a3') in 0.1803115 seconds
Number of updated asset objects reloaded before import = 0Number of asset objects unloaded after import = 80

========================================================================
Received Import Request.
  Time since last request: 0.000024 seconds.
  path: Assets/Prefabs/Enviroment/HorizontalBarrier2_0.prefab
  artifactKey: Guid(d2f161e7c5f2d994493d2a9d698a4aac) Importer(815301076,1909f56bfc062723c751e8b465ee728b)
Start importing Assets/Prefabs/Enviroment/HorizontalBarrier2_0.prefab using Guid(d2f161e7c5f2d994493d2a9d698a4aac) Importer(815301076,1909f56bfc062723c751e8b465ee728b) (PreviewImporter) -> (artifact id: '70625f67b56ad1487036bd142f6c0f3c') in 0.0245646 seconds
Number of updated asset objects reloaded before import = 0Number of asset objects unloaded after import = 80

========================================================================
Received Import Request.
  Time since last request: 0.000031 seconds.
  path: Assets/Prefabs/Enviroment/HorizontalBarrier5_0.prefab
  artifactKey: Guid(8499a30cc1236ed4fbcdf724f7ffa60c) Importer(815301076,1909f56bfc062723c751e8b465ee728b)
Start importing Assets/Prefabs/Enviroment/HorizontalBarrier5_0.prefab using Guid(8499a30cc1236ed4fbcdf724f7ffa60c) Importer(815301076,1909f56bfc062723c751e8b465ee728b) (PreviewImporter) -> (artifact id: '1b2cdf7b4dd6432f9499e0f6eece83c1') in 0.02557 seconds
Number of updated asset objects reloaded before import = 0Number of asset objects unloaded after import = 80

========================================================================
Received Import Request.
  Time since last request: 0.000049 seconds.
  path: Assets/Prefabs/Enviroment/poolmat_0.prefab
  artifactKey: Guid(9a6ff90c04e58e442aa9f89dbd34978f) Importer(815301076,1909f56bfc062723c751e8b465ee728b)
Start importing Assets/Prefabs/Enviroment/poolmat_0.prefab using Guid(9a6ff90c04e58e442aa9f89dbd34978f) Importer(815301076,1909f56bfc062723c751e8b465ee728b) (PreviewImporter) -> (artifact id: '1716b8cfb8e0884ef359d190ad5cf780') in 0.0263258 seconds
Number of updated asset objects reloaded before import = 0Number of asset objects unloaded after import = 80

========================================================================
Received Import Request.
  Time since last request: 0.000036 seconds.
  path: Assets/Prefabs/Enviroment/VerticalBarrier5_0.prefab
  artifactKey: Guid(dfdd39eb39a53d542bb2d995f71c28b8) Importer(815301076,1909f56bfc062723c751e8b465ee728b)
Start importing Assets/Prefabs/Enviroment/VerticalBarrier5_0.prefab using Guid(dfdd39eb39a53d542bb2d995f71c28b8) Importer(815301076,1909f56bfc062723c751e8b465ee728b) (PreviewImporter) -> (artifact id: '3b85aa33950628630584131004260e76') in 0.029125 seconds
Number of updated asset objects reloaded before import = 0Number of asset objects unloaded after import = 80

========================================================================
Received Import Request.
  Time since last request: 0.000028 seconds.
  path: Assets/Prefabs/Enviroment/HorizontalBarrier_blue.prefab
  artifactKey: Guid(ed4381e4e935c90418ef425eb0a648d1) Importer(815301076,1909f56bfc062723c751e8b465ee728b)
Start importing Assets/Prefabs/Enviroment/HorizontalBarrier_blue.prefab using Guid(ed4381e4e935c90418ef425eb0a648d1) Importer(815301076,1909f56bfc062723c751e8b465ee728b) (PreviewImporter) -> (artifact id: '173fe57b66c69b2ebb6cabe8e31ceb56') in 0.0267351 seconds
Number of updated asset objects reloaded before import = 0Number of asset objects unloaded after import = 80

========================================================================
Received Import Request.
  Time since last request: 0.000025 seconds.
  path: Assets/Prefabs/Enviroment/VerticalBarrier4_0.prefab
  artifactKey: Guid(7475bf14dd93a49459f9815aca8a1ddf) Importer(815301076,1909f56bfc062723c751e8b465ee728b)
Start importing Assets/Prefabs/Enviroment/VerticalBarrier4_0.prefab using Guid(7475bf14dd93a49459f9815aca8a1ddf) Importer(815301076,1909f56bfc062723c751e8b465ee728b) (PreviewImporter) -> (artifact id: '49d69665d498e4610485dc7ea210d3e3') in 0.0224524 seconds
Number of updated asset objects reloaded before import = 0Number of asset objects unloaded after import = 80

========================================================================
Received Import Request.
  Time since last request: 0.000025 seconds.
  path: Assets/Prefabs/Enviroment/VerticalBarrier3_0.prefab
  artifactKey: Guid(b56e033bba0b5954ea7c6f7be9e68839) Importer(815301076,1909f56bfc062723c751e8b465ee728b)
Start importing Assets/Prefabs/Enviroment/VerticalBarrier3_0.prefab using Guid(b56e033bba0b5954ea7c6f7be9e68839) Importer(815301076,1909f56bfc062723c751e8b465ee728b) (PreviewImporter) -> (artifact id: '80ec6dc582cb185d270864f86adf8579') in 0.0243176 seconds
Number of updated asset objects reloaded before import = 0Number of asset objects unloaded after import = 80

========================================================================
Received Import Request.
  Time since last request: 1.676171 seconds.
  path: Assets/Prefabs/Enviroment/VerticalBarrier1_0.prefab
  artifactKey: Guid(d6e650186b1685145aa2bdea3907131c) Importer(815301076,1909f56bfc062723c751e8b465ee728b)
Start importing Assets/Prefabs/Enviroment/VerticalBarrier1_0.prefab using Guid(d6e650186b1685145aa2bdea3907131c) Importer(815301076,1909f56bfc062723c751e8b465ee728b) (PreviewImporter) -> (artifact id: 'abbd57a7706dd8ca06afa3267274a03e') in 0.0269902 seconds
Number of updated asset objects reloaded before import = 0Number of asset objects unloaded after import = 80

========================================================================
Received Import Request.
  Time since last request: 0.000029 seconds.
  path: Assets/Prefabs/Enviroment/HorizontalBarrier2_0.prefab
  artifactKey: Guid(d2f161e7c5f2d994493d2a9d698a4aac) Importer(815301076,1909f56bfc062723c751e8b465ee728b)
Start importing Assets/Prefabs/Enviroment/HorizontalBarrier2_0.prefab using Guid(d2f161e7c5f2d994493d2a9d698a4aac) Importer(815301076,1909f56bfc062723c751e8b465ee728b) (PreviewImporter) -> (artifact id: '387becac033e5a8d68c93f920a63b23f') in 0.0274485 seconds
Number of updated asset objects reloaded before import = 0Number of asset objects unloaded after import = 80

========================================================================
Received Import Request.
  Time since last request: 0.000037 seconds.
  path: Assets/Prefabs/Enviroment/poolmat_0.prefab
  artifactKey: Guid(9a6ff90c04e58e442aa9f89dbd34978f) Importer(815301076,1909f56bfc062723c751e8b465ee728b)
Start importing Assets/Prefabs/Enviroment/poolmat_0.prefab using Guid(9a6ff90c04e58e442aa9f89dbd34978f) Importer(815301076,1909f56bfc062723c751e8b465ee728b) (PreviewImporter) -> (artifact id: 'fe79a0c089085586a64c20663ca9451c') in 0.0278586 seconds
Number of updated asset objects reloaded before import = 0Number of asset objects unloaded after import = 80

========================================================================
Received Import Request.
  Time since last request: 0.000029 seconds.
  path: Assets/Prefabs/Enviroment/HorizontalBarrier4_0.prefab
  artifactKey: Guid(fd8a2b4399c2d8d4bb82edb11d847be7) Importer(815301076,1909f56bfc062723c751e8b465ee728b)
Start importing Assets/Prefabs/Enviroment/HorizontalBarrier4_0.prefab using Guid(fd8a2b4399c2d8d4bb82edb11d847be7) Importer(815301076,1909f56bfc062723c751e8b465ee728b) (PreviewImporter) -> (artifact id: 'c0cc7c2e8dac7bcb2db8fe58a6d26f3d') in 0.0290242 seconds
Number of updated asset objects reloaded before import = 0Number of asset objects unloaded after import = 80

========================================================================
Received Import Request.
  Time since last request: 0.000033 seconds.
  path: Assets/Prefabs/Enviroment/VerticalBarrier2_0.prefab
  artifactKey: Guid(bf0791756007781448d87c1680e8a619) Importer(815301076,1909f56bfc062723c751e8b465ee728b)
Start importing Assets/Prefabs/Enviroment/VerticalBarrier2_0.prefab using Guid(bf0791756007781448d87c1680e8a619) Importer(815301076,1909f56bfc062723c751e8b465ee728b) (PreviewImporter) -> (artifact id: '248587c618d92e5bd3602c1c34f8a8e5') in 0.0254516 seconds
Number of updated asset objects reloaded before import = 0Number of asset objects unloaded after import = 80

========================================================================
Received Import Request.
  Time since last request: 0.000029 seconds.
  path: Assets/Prefabs/Enviroment/HorizontalBarrier3_0.prefab
  artifactKey: Guid(d75ed3e12d3dc2e428f20e4188128ea3) Importer(815301076,1909f56bfc062723c751e8b465ee728b)
Start importing Assets/Prefabs/Enviroment/HorizontalBarrier3_0.prefab using Guid(d75ed3e12d3dc2e428f20e4188128ea3) Importer(815301076,1909f56bfc062723c751e8b465ee728b) (PreviewImporter) -> (artifact id: 'de2b2f553d41903aee8dd724998c5bad') in 0.025905 seconds
Number of updated asset objects reloaded before import = 0Number of asset objects unloaded after import = 80

========================================================================
Received Import Request.
  Time since last request: 2.039848 seconds.
  path: Assets/Prefabs/Enviroment/VerticalBarrier1_0.prefab
  artifactKey: Guid(d6e650186b1685145aa2bdea3907131c) Importer(815301076,1909f56bfc062723c751e8b465ee728b)
Start importing Assets/Prefabs/Enviroment/VerticalBarrier1_0.prefab using Guid(d6e650186b1685145aa2bdea3907131c) Importer(815301076,1909f56bfc062723c751e8b465ee728b) (PreviewImporter) -> (artifact id: '88a1a4007c9a93cf8a286eea027d2d26') in 0.0238961 seconds
Number of updated asset objects reloaded before import = 0Number of asset objects unloaded after import = 80

========================================================================
Received Import Request.
  Time since last request: 0.000022 seconds.
  path: Assets/Prefabs/Enviroment/HorizontalBarrier2_0.prefab
  artifactKey: Guid(d2f161e7c5f2d994493d2a9d698a4aac) Importer(815301076,1909f56bfc062723c751e8b465ee728b)
Start importing Assets/Prefabs/Enviroment/HorizontalBarrier2_0.prefab using Guid(d2f161e7c5f2d994493d2a9d698a4aac) Importer(815301076,1909f56bfc062723c751e8b465ee728b) (PreviewImporter) -> (artifact id: '55ad2e9087c2d496575d688183f8f300') in 0.0231695 seconds
Number of updated asset objects reloaded before import = 0Number of asset objects unloaded after import = 80

========================================================================
Received Import Request.
  Time since last request: 0.000024 seconds.
  path: Assets/Prefabs/Enviroment/HorizontalBarrier5_0.prefab
  artifactKey: Guid(8499a30cc1236ed4fbcdf724f7ffa60c) Importer(815301076,1909f56bfc062723c751e8b465ee728b)
Start importing Assets/Prefabs/Enviroment/HorizontalBarrier5_0.prefab using Guid(8499a30cc1236ed4fbcdf724f7ffa60c) Importer(815301076,1909f56bfc062723c751e8b465ee728b) (PreviewImporter) -> (artifact id: 'a58cc14319ab8f5d14e4e751f2cb6ccd') in 0.0258755 seconds
Number of updated asset objects reloaded before import = 0Number of asset objects unloaded after import = 80

========================================================================
Received Import Request.
  Time since last request: 0.000023 seconds.
  path: Assets/Prefabs/Enviroment/VerticalBarrier5_0.prefab
  artifactKey: Guid(dfdd39eb39a53d542bb2d995f71c28b8) Importer(815301076,1909f56bfc062723c751e8b465ee728b)
Start importing Assets/Prefabs/Enviroment/VerticalBarrier5_0.prefab using Guid(dfdd39eb39a53d542bb2d995f71c28b8) Importer(815301076,1909f56bfc062723c751e8b465ee728b) (PreviewImporter) -> (artifact id: 'e19081afc41b87679e46d7f410f5d871') in 0.0261929 seconds
Number of updated asset objects reloaded before import = 0Number of asset objects unloaded after import = 80

========================================================================
Received Import Request.
  Time since last request: 0.002062 seconds.
  path: Assets/Prefabs/Enviroment/HorizontalBarrier_blue.prefab
  artifactKey: Guid(ed4381e4e935c90418ef425eb0a648d1) Importer(815301076,1909f56bfc062723c751e8b465ee728b)
Start importing Assets/Prefabs/Enviroment/HorizontalBarrier_blue.prefab using Guid(ed4381e4e935c90418ef425eb0a648d1) Importer(815301076,1909f56bfc062723c751e8b465ee728b) (PreviewImporter) -> (artifact id: '3c39a17c663b6ac9750d0de309b6a7b2') in 0.0249602 seconds
Number of updated asset objects reloaded before import = 0Number of asset objects unloaded after import = 80

========================================================================
Received Import Request.
  Time since last request: 0.000024 seconds.
  path: Assets/Prefabs/Enviroment/VerticalBarrier4_0.prefab
  artifactKey: Guid(7475bf14dd93a49459f9815aca8a1ddf) Importer(815301076,1909f56bfc062723c751e8b465ee728b)
Start importing Assets/Prefabs/Enviroment/VerticalBarrier4_0.prefab using Guid(7475bf14dd93a49459f9815aca8a1ddf) Importer(815301076,1909f56bfc062723c751e8b465ee728b) (PreviewImporter) -> (artifact id: 'eaffeaeb632adb0df34f27c4e36bc0c6') in 0.0258542 seconds
Number of updated asset objects reloaded before import = 0Number of asset objects unloaded after import = 80

========================================================================
Received Import Request.
  Time since last request: 0.000028 seconds.
  path: Assets/Prefabs/Enviroment/VerticalBarrier3_0.prefab
  artifactKey: Guid(b56e033bba0b5954ea7c6f7be9e68839) Importer(815301076,1909f56bfc062723c751e8b465ee728b)
Start importing Assets/Prefabs/Enviroment/VerticalBarrier3_0.prefab using Guid(b56e033bba0b5954ea7c6f7be9e68839) Importer(815301076,1909f56bfc062723c751e8b465ee728b) (PreviewImporter) -> (artifact id: 'ac5baf98ff73518d361c99b78dc8f43f') in 0.0224052 seconds
Number of updated asset objects reloaded before import = 0Number of asset objects unloaded after import = 80

========================================================================
Received Import Request.
  Time since last request: 3.144690 seconds.
  path: Assets/Prefabs/Enviroment/VerticalBarrier1_0.prefab
  artifactKey: Guid(d6e650186b1685145aa2bdea3907131c) Importer(815301076,1909f56bfc062723c751e8b465ee728b)
Start importing Assets/Prefabs/Enviroment/VerticalBarrier1_0.prefab using Guid(d6e650186b1685145aa2bdea3907131c) Importer(815301076,1909f56bfc062723c751e8b465ee728b) (PreviewImporter) -> (artifact id: 'b47a67ea0b6e15642ea982d2204b67b2') in 0.0214162 seconds
Number of updated asset objects reloaded before import = 0Number of asset objects unloaded after import = 80

========================================================================
Received Import Request.
  Time since last request: 0.000025 seconds.
  path: Assets/Prefabs/Enviroment/HorizontalBarrier5_0.prefab
  artifactKey: Guid(8499a30cc1236ed4fbcdf724f7ffa60c) Importer(815301076,1909f56bfc062723c751e8b465ee728b)
Start importing Assets/Prefabs/Enviroment/HorizontalBarrier5_0.prefab using Guid(8499a30cc1236ed4fbcdf724f7ffa60c) Importer(815301076,1909f56bfc062723c751e8b465ee728b) (PreviewImporter) -> (artifact id: 'a818676cc7380fb4cef8af3eada560f5') in 0.0245778 seconds
Number of updated asset objects reloaded before import = 0Number of asset objects unloaded after import = 80

========================================================================
Received Import Request.
  Time since last request: 0.000029 seconds.
  path: Assets/Prefabs/Enviroment/VerticalBarrier5_0.prefab
  artifactKey: Guid(dfdd39eb39a53d542bb2d995f71c28b8) Importer(815301076,1909f56bfc062723c751e8b465ee728b)
Start importing Assets/Prefabs/Enviroment/VerticalBarrier5_0.prefab using Guid(dfdd39eb39a53d542bb2d995f71c28b8) Importer(815301076,1909f56bfc062723c751e8b465ee728b) (PreviewImporter) -> (artifact id: '8cc41e967f7cf64a465ab2a897873a01') in 0.0238882 seconds
Number of updated asset objects reloaded before import = 0Number of asset objects unloaded after import = 80

========================================================================
Received Import Request.
  Time since last request: 0.000029 seconds.
  path: Assets/Prefabs/Enviroment/VerticalBarrier2_0.prefab
  artifactKey: Guid(bf0791756007781448d87c1680e8a619) Importer(815301076,1909f56bfc062723c751e8b465ee728b)
Start importing Assets/Prefabs/Enviroment/VerticalBarrier2_0.prefab using Guid(bf0791756007781448d87c1680e8a619) Importer(815301076,1909f56bfc062723c751e8b465ee728b) (PreviewImporter) -> (artifact id: '8ae6bffe0506e6955c8f69e9e97ed5fb') in 0.022288 seconds
Number of updated asset objects reloaded before import = 0Number of asset objects unloaded after import = 80

========================================================================
Received Import Request.
  Time since last request: 0.000039 seconds.
  path: Assets/Prefabs/Enviroment/VerticalBarrier3_0.prefab
  artifactKey: Guid(b56e033bba0b5954ea7c6f7be9e68839) Importer(815301076,1909f56bfc062723c751e8b465ee728b)
Start importing Assets/Prefabs/Enviroment/VerticalBarrier3_0.prefab using Guid(b56e033bba0b5954ea7c6f7be9e68839) Importer(815301076,1909f56bfc062723c751e8b465ee728b) (PreviewImporter) -> (artifact id: '7ebe626c2a6ce057d1555226ffdc51c6') in 0.0230796 seconds
Number of updated asset objects reloaded before import = 0Number of asset objects unloaded after import = 80

========================================================================
Received Import Request.
  Time since last request: 1.970673 seconds.
  path: Assets/Prefabs/Enviroment/VerticalBarrier1_0.prefab
  artifactKey: Guid(d6e650186b1685145aa2bdea3907131c) Importer(815301076,1909f56bfc062723c751e8b465ee728b)
Start importing Assets/Prefabs/Enviroment/VerticalBarrier1_0.prefab using Guid(d6e650186b1685145aa2bdea3907131c) Importer(815301076,1909f56bfc062723c751e8b465ee728b) (PreviewImporter) -> (artifact id: '176e961ff229fd4882a3da4961244737') in 0.0235096 seconds
Number of updated asset objects reloaded before import = 0Number of asset objects unloaded after import = 80

========================================================================
Received Import Request.
  Time since last request: 0.000030 seconds.
  path: Assets/Prefabs/Enviroment/HorizontalBarrier5_0.prefab
  artifactKey: Guid(8499a30cc1236ed4fbcdf724f7ffa60c) Importer(815301076,1909f56bfc062723c751e8b465ee728b)
Start importing Assets/Prefabs/Enviroment/HorizontalBarrier5_0.prefab using Guid(8499a30cc1236ed4fbcdf724f7ffa60c) Importer(815301076,1909f56bfc062723c751e8b465ee728b) (PreviewImporter) -> (artifact id: '92524c4a02591a90d5aa057d14f86630') in 0.0267331 seconds
Number of updated asset objects reloaded before import = 0Number of asset objects unloaded after import = 80

========================================================================
Received Import Request.
  Time since last request: 0.000034 seconds.
  path: Assets/Prefabs/Enviroment/VerticalBarrier4_0.prefab
  artifactKey: Guid(7475bf14dd93a49459f9815aca8a1ddf) Importer(815301076,1909f56bfc062723c751e8b465ee728b)
Start importing Assets/Prefabs/Enviroment/VerticalBarrier4_0.prefab using Guid(7475bf14dd93a49459f9815aca8a1ddf) Importer(815301076,1909f56bfc062723c751e8b465ee728b) (PreviewImporter) -> (artifact id: '244e82f526ab1426195b87e67f652293') in 0.0265873 seconds
Number of updated asset objects reloaded before import = 0Number of asset objects unloaded after import = 80

========================================================================
Received Import Request.
  Time since last request: 11.740002 seconds.
  path: Assets/Prefabs/Enviroment/VerticalBarrier1_0.prefab
  artifactKey: Guid(d6e650186b1685145aa2bdea3907131c) Importer(815301076,1909f56bfc062723c751e8b465ee728b)
Start importing Assets/Prefabs/Enviroment/VerticalBarrier1_0.prefab using Guid(d6e650186b1685145aa2bdea3907131c) Importer(815301076,1909f56bfc062723c751e8b465ee728b) (PreviewImporter) -> (artifact id: 'ec081d706a5c2beaa881f47784ece672') in 0.0265635 seconds
Number of updated asset objects reloaded before import = 0Number of asset objects unloaded after import = 80

========================================================================
Received Import Request.
  Time since last request: 0.000033 seconds.
  path: Assets/Prefabs/Enviroment/HorizontalBarrier5_0.prefab
  artifactKey: Guid(8499a30cc1236ed4fbcdf724f7ffa60c) Importer(815301076,1909f56bfc062723c751e8b465ee728b)
Start importing Assets/Prefabs/Enviroment/HorizontalBarrier5_0.prefab using Guid(8499a30cc1236ed4fbcdf724f7ffa60c) Importer(815301076,1909f56bfc062723c751e8b465ee728b) (PreviewImporter) -> (artifact id: '5456880eb2fd189b97cc28a5d9a3fad6') in 0.0270938 seconds
Number of updated asset objects reloaded before import = 0Number of asset objects unloaded after import = 80

========================================================================
Received Import Request.
  Time since last request: 0.000029 seconds.
  path: Assets/Prefabs/Enviroment/VerticalBarrier4_0.prefab
  artifactKey: Guid(7475bf14dd93a49459f9815aca8a1ddf) Importer(815301076,1909f56bfc062723c751e8b465ee728b)
Start importing Assets/Prefabs/Enviroment/VerticalBarrier4_0.prefab using Guid(7475bf14dd93a49459f9815aca8a1ddf) Importer(815301076,1909f56bfc062723c751e8b465ee728b) (PreviewImporter) -> (artifact id: 'a0e80a8d435b3836a3caddf16d75f7c0') in 0.0263117 seconds
Number of updated asset objects reloaded before import = 0Number of asset objects unloaded after import = 80

========================================================================
Received Import Request.
  Time since last request: 4.160939 seconds.
  path: Assets/Prefabs/Enviroment/VerticalBarrier2_0.prefab
  artifactKey: Guid(bf0791756007781448d87c1680e8a619) Importer(815301076,1909f56bfc062723c751e8b465ee728b)
Start importing Assets/Prefabs/Enviroment/VerticalBarrier2_0.prefab using Guid(bf0791756007781448d87c1680e8a619) Importer(815301076,1909f56bfc062723c751e8b465ee728b) (PreviewImporter) -> (artifact id: '97f39710d96733d99623e7f7caee7e53') in 0.0225174 seconds
Number of updated asset objects reloaded before import = 0Number of asset objects unloaded after import = 80

========================================================================
Received Import Request.
  Time since last request: 0.000024 seconds.
  path: Assets/Prefabs/Enviroment/HorizontalBarrier5_0.prefab
  artifactKey: Guid(8499a30cc1236ed4fbcdf724f7ffa60c) Importer(815301076,1909f56bfc062723c751e8b465ee728b)
Start importing Assets/Prefabs/Enviroment/HorizontalBarrier5_0.prefab using Guid(8499a30cc1236ed4fbcdf724f7ffa60c) Importer(815301076,1909f56bfc062723c751e8b465ee728b) (PreviewImporter) -> (artifact id: '1dd49e0dc93af10d6bcaa95816064e79') in 0.0261441 seconds
Number of updated asset objects reloaded before import = 0Number of asset objects unloaded after import = 80

========================================================================
Received Import Request.
  Time since last request: 0.000027 seconds.
  path: Assets/Prefabs/Enviroment/VerticalBarrier4_0.prefab
  artifactKey: Guid(7475bf14dd93a49459f9815aca8a1ddf) Importer(815301076,1909f56bfc062723c751e8b465ee728b)
Start importing Assets/Prefabs/Enviroment/VerticalBarrier4_0.prefab using Guid(7475bf14dd93a49459f9815aca8a1ddf) Importer(815301076,1909f56bfc062723c751e8b465ee728b) (PreviewImporter) -> (artifact id: '02ab48c4712c2d153b77cbc4516cf3ed') in 0.0276252 seconds
Number of updated asset objects reloaded before import = 0Number of asset objects unloaded after import = 80

========================================================================
Received Import Request.
  Time since last request: 11.089677 seconds.
  path: Assets/Prefabs/Enviroment/VerticalBarrier2_0.prefab
  artifactKey: Guid(bf0791756007781448d87c1680e8a619) Importer(815301076,1909f56bfc062723c751e8b465ee728b)
Start importing Assets/Prefabs/Enviroment/VerticalBarrier2_0.prefab using Guid(bf0791756007781448d87c1680e8a619) Importer(815301076,1909f56bfc062723c751e8b465ee728b) (PreviewImporter) -> (artifact id: 'd951dc9efcd214a56bd4716d00380de8') in 0.0257007 seconds
Number of updated asset objects reloaded before import = 0Number of asset objects unloaded after import = 80

========================================================================
Received Import Request.
  Time since last request: 0.000028 seconds.
  path: Assets/Prefabs/Enviroment/HorizontalBarrier5_0.prefab
  artifactKey: Guid(8499a30cc1236ed4fbcdf724f7ffa60c) Importer(815301076,1909f56bfc062723c751e8b465ee728b)
Start importing Assets/Prefabs/Enviroment/HorizontalBarrier5_0.prefab using Guid(8499a30cc1236ed4fbcdf724f7ffa60c) Importer(815301076,1909f56bfc062723c751e8b465ee728b) (PreviewImporter) -> (artifact id: '083216e4eaf67a212723fa8a0d407c56') in 0.0317265 seconds
Number of updated asset objects reloaded before import = 0Number of asset objects unloaded after import = 80

========================================================================
Received Import Request.
  Time since last request: 0.000097 seconds.
  path: Assets/Prefabs/Enviroment/VerticalBarrier4_0.prefab
  artifactKey: Guid(7475bf14dd93a49459f9815aca8a1ddf) Importer(815301076,1909f56bfc062723c751e8b465ee728b)
Start importing Assets/Prefabs/Enviroment/VerticalBarrier4_0.prefab using Guid(7475bf14dd93a49459f9815aca8a1ddf) Importer(815301076,1909f56bfc062723c751e8b465ee728b) (PreviewImporter) -> (artifact id: '658ac9344a6f376632f1dc21d7da1c52') in 0.0274518 seconds
Number of updated asset objects reloaded before import = 0Number of asset objects unloaded after import = 80

========================================================================
Received Import Request.
  Time since last request: 3.360860 seconds.
  path: Assets/Prefabs/Enviroment/VerticalBarrier2_0.prefab
  artifactKey: Guid(bf0791756007781448d87c1680e8a619) Importer(815301076,1909f56bfc062723c751e8b465ee728b)
Start importing Assets/Prefabs/Enviroment/VerticalBarrier2_0.prefab using Guid(bf0791756007781448d87c1680e8a619) Importer(815301076,1909f56bfc062723c751e8b465ee728b) (PreviewImporter) -> (artifact id: '67398109b3557aa6431ea19af94dc1c9') in 0.0234527 seconds
Number of updated asset objects reloaded before import = 0Number of asset objects unloaded after import = 80

========================================================================
Received Import Request.
  Time since last request: 0.000608 seconds.
  path: Assets/Prefabs/Enviroment/HorizontalBarrier5_0.prefab
  artifactKey: Guid(8499a30cc1236ed4fbcdf724f7ffa60c) Importer(815301076,1909f56bfc062723c751e8b465ee728b)
Start importing Assets/Prefabs/Enviroment/HorizontalBarrier5_0.prefab using Guid(8499a30cc1236ed4fbcdf724f7ffa60c) Importer(815301076,1909f56bfc062723c751e8b465ee728b) (PreviewImporter) -> (artifact id: 'd2f5b5960c3d6b014a7ae6fb91ae6fdd') in 0.0257081 seconds
Number of updated asset objects reloaded before import = 0Number of asset objects unloaded after import = 80

========================================================================
Received Import Request.
  Time since last request: 0.000023 seconds.
  path: Assets/Prefabs/Enviroment/VerticalBarrier4_0.prefab
  artifactKey: Guid(7475bf14dd93a49459f9815aca8a1ddf) Importer(815301076,1909f56bfc062723c751e8b465ee728b)
Start importing Assets/Prefabs/Enviroment/VerticalBarrier4_0.prefab using Guid(7475bf14dd93a49459f9815aca8a1ddf) Importer(815301076,1909f56bfc062723c751e8b465ee728b) (PreviewImporter) -> (artifact id: 'b9843df78c5e7a36e50e57cc0f4e704e') in 0.0258604 seconds
Number of updated asset objects reloaded before import = 0Number of asset objects unloaded after import = 80

========================================================================
Received Import Request.
  Time since last request: 16.579946 seconds.
  path: Assets/Prefabs/Enviroment/VerticalBarrier3_0.prefab
  artifactKey: Guid(b56e033bba0b5954ea7c6f7be9e68839) Importer(815301076,1909f56bfc062723c751e8b465ee728b)
Start importing Assets/Prefabs/Enviroment/VerticalBarrier3_0.prefab using Guid(b56e033bba0b5954ea7c6f7be9e68839) Importer(815301076,1909f56bfc062723c751e8b465ee728b) (PreviewImporter) -> (artifact id: 'a941e9c52a9248da62fac10c54f530fe') in 0.0229487 seconds
Number of updated asset objects reloaded before import = 0Number of asset objects unloaded after import = 80

========================================================================
Received Import Request.
  Time since last request: 0.000021 seconds.
  path: Assets/Prefabs/Enviroment/HorizontalBarrier5_0.prefab
  artifactKey: Guid(8499a30cc1236ed4fbcdf724f7ffa60c) Importer(815301076,1909f56bfc062723c751e8b465ee728b)
Start importing Assets/Prefabs/Enviroment/HorizontalBarrier5_0.prefab using Guid(8499a30cc1236ed4fbcdf724f7ffa60c) Importer(815301076,1909f56bfc062723c751e8b465ee728b) (PreviewImporter) -> (artifact id: '4e07c01c8e0bd2d670ad92c092ddbd14') in 0.0274644 seconds
Number of updated asset objects reloaded before import = 0Number of asset objects unloaded after import = 80

========================================================================
Received Import Request.
  Time since last request: 0.000029 seconds.
  path: Assets/Prefabs/Enviroment/VerticalBarrier1_0.prefab
  artifactKey: Guid(d6e650186b1685145aa2bdea3907131c) Importer(815301076,1909f56bfc062723c751e8b465ee728b)
Start importing Assets/Prefabs/Enviroment/VerticalBarrier1_0.prefab using Guid(d6e650186b1685145aa2bdea3907131c) Importer(815301076,1909f56bfc062723c751e8b465ee728b) (PreviewImporter) -> (artifact id: 'f380a4b3d75b7d5e0c343966cf4b08a2') in 0.0280327 seconds
Number of updated asset objects reloaded before import = 0Number of asset objects unloaded after import = 80

========================================================================
Received Import Request.
  Time since last request: 4.046434 seconds.
  path: Assets/Prefabs/Enviroment/VerticalBarrier3_0.prefab
  artifactKey: Guid(b56e033bba0b5954ea7c6f7be9e68839) Importer(815301076,1909f56bfc062723c751e8b465ee728b)
Start importing Assets/Prefabs/Enviroment/VerticalBarrier3_0.prefab using Guid(b56e033bba0b5954ea7c6f7be9e68839) Importer(815301076,1909f56bfc062723c751e8b465ee728b) (PreviewImporter) -> (artifact id: 'c4e9bb7b5a69fe5c9639a45ba113ebb2') in 0.0242456 seconds
Number of updated asset objects reloaded before import = 0Number of asset objects unloaded after import = 80

========================================================================
Received Import Request.
  Time since last request: 0.000026 seconds.
  path: Assets/Prefabs/Enviroment/HorizontalBarrier5_0.prefab
  artifactKey: Guid(8499a30cc1236ed4fbcdf724f7ffa60c) Importer(815301076,1909f56bfc062723c751e8b465ee728b)
Start importing Assets/Prefabs/Enviroment/HorizontalBarrier5_0.prefab using Guid(8499a30cc1236ed4fbcdf724f7ffa60c) Importer(815301076,1909f56bfc062723c751e8b465ee728b) (PreviewImporter) -> (artifact id: '5375bda267f8fcb8f39d0f7872d1232d') in 0.0260388 seconds
Number of updated asset objects reloaded before import = 0Number of asset objects unloaded after import = 80

========================================================================
Received Import Request.
  Time since last request: 0.000028 seconds.
  path: Assets/Prefabs/Enviroment/VerticalBarrier1_0.prefab
  artifactKey: Guid(d6e650186b1685145aa2bdea3907131c) Importer(815301076,1909f56bfc062723c751e8b465ee728b)
Start importing Assets/Prefabs/Enviroment/VerticalBarrier1_0.prefab using Guid(d6e650186b1685145aa2bdea3907131c) Importer(815301076,1909f56bfc062723c751e8b465ee728b) (PreviewImporter) -> (artifact id: '0ea9816dc470148d6ba64f1cba80da71') in 0.0246332 seconds
Number of updated asset objects reloaded before import = 0Number of asset objects unloaded after import = 80

========================================================================
Received Import Request.
  Time since last request: 2.325896 seconds.
  path: Assets/Prefabs/Enviroment/VerticalBarrier3_0.prefab
  artifactKey: Guid(b56e033bba0b5954ea7c6f7be9e68839) Importer(815301076,1909f56bfc062723c751e8b465ee728b)
Start importing Assets/Prefabs/Enviroment/VerticalBarrier3_0.prefab using Guid(b56e033bba0b5954ea7c6f7be9e68839) Importer(815301076,1909f56bfc062723c751e8b465ee728b) (PreviewImporter) -> (artifact id: '76067876f74edd6f0003d4d4d4b9276a') in 0.0242578 seconds
Number of updated asset objects reloaded before import = 0Number of asset objects unloaded after import = 80

========================================================================
Received Import Request.
  Time since last request: 0.000025 seconds.
  path: Assets/Prefabs/Enviroment/HorizontalBarrier5_0.prefab
  artifactKey: Guid(8499a30cc1236ed4fbcdf724f7ffa60c) Importer(815301076,1909f56bfc062723c751e8b465ee728b)
Start importing Assets/Prefabs/Enviroment/HorizontalBarrier5_0.prefab using Guid(8499a30cc1236ed4fbcdf724f7ffa60c) Importer(815301076,1909f56bfc062723c751e8b465ee728b) (PreviewImporter) -> (artifact id: '7f70a81cb19c63935f877596d69486cc') in 0.0261921 seconds
Number of updated asset objects reloaded before import = 0Number of asset objects unloaded after import = 80

========================================================================
Received Import Request.
  Time since last request: 0.000026 seconds.
  path: Assets/Prefabs/Enviroment/VerticalBarrier1_0.prefab
  artifactKey: Guid(d6e650186b1685145aa2bdea3907131c) Importer(815301076,1909f56bfc062723c751e8b465ee728b)
Start importing Assets/Prefabs/Enviroment/VerticalBarrier1_0.prefab using Guid(d6e650186b1685145aa2bdea3907131c) Importer(815301076,1909f56bfc062723c751e8b465ee728b) (PreviewImporter) -> (artifact id: 'baf861b5f5256aa8ca15f3011993df24') in 0.0249794 seconds
Number of updated asset objects reloaded before import = 0Number of asset objects unloaded after import = 80

========================================================================
Received Import Request.
  Time since last request: 5.950687 seconds.
  path: Assets/Prefabs/Enviroment/VerticalBarrier4_0.prefab
  artifactKey: Guid(7475bf14dd93a49459f9815aca8a1ddf) Importer(815301076,1909f56bfc062723c751e8b465ee728b)
Start importing Assets/Prefabs/Enviroment/VerticalBarrier4_0.prefab using Guid(7475bf14dd93a49459f9815aca8a1ddf) Importer(815301076,1909f56bfc062723c751e8b465ee728b) (PreviewImporter) -> (artifact id: 'e7181a0b155855211fd056fd0f4bdf49') in 0.0259451 seconds
Number of updated asset objects reloaded before import = 0Number of asset objects unloaded after import = 80

========================================================================
Received Import Request.
  Time since last request: 0.000072 seconds.
  path: Assets/Prefabs/Enviroment/HorizontalBarrier5_0.prefab
  artifactKey: Guid(8499a30cc1236ed4fbcdf724f7ffa60c) Importer(815301076,1909f56bfc062723c751e8b465ee728b)
Start importing Assets/Prefabs/Enviroment/HorizontalBarrier5_0.prefab using Guid(8499a30cc1236ed4fbcdf724f7ffa60c) Importer(815301076,1909f56bfc062723c751e8b465ee728b) (PreviewImporter) -> (artifact id: '0f2dcb1126ce4f71c9bb5c3c28e62b8e') in 0.028328 seconds
Number of updated asset objects reloaded before import = 0Number of asset objects unloaded after import = 80

========================================================================
Received Import Request.
  Time since last request: 0.000028 seconds.
  path: Assets/Prefabs/Enviroment/VerticalBarrier1_0.prefab
  artifactKey: Guid(d6e650186b1685145aa2bdea3907131c) Importer(815301076,1909f56bfc062723c751e8b465ee728b)
Start importing Assets/Prefabs/Enviroment/VerticalBarrier1_0.prefab using Guid(d6e650186b1685145aa2bdea3907131c) Importer(815301076,1909f56bfc062723c751e8b465ee728b) (PreviewImporter) -> (artifact id: '97de2f0f1f0a80e22ade41f17956fdcd') in 0.0272146 seconds
Number of updated asset objects reloaded before import = 0Number of asset objects unloaded after import = 80

========================================================================
Received Import Request.
  Time since last request: 1.705371 seconds.
  path: Assets/Prefabs/Enviroment/VerticalBarrier4_0.prefab
  artifactKey: Guid(7475bf14dd93a49459f9815aca8a1ddf) Importer(815301076,1909f56bfc062723c751e8b465ee728b)
Start importing Assets/Prefabs/Enviroment/VerticalBarrier4_0.prefab using Guid(7475bf14dd93a49459f9815aca8a1ddf) Importer(815301076,1909f56bfc062723c751e8b465ee728b) (PreviewImporter) -> (artifact id: '2e64b6e3eeb9108e2387931cf7031f3d') in 0.0255829 seconds
Number of updated asset objects reloaded before import = 0Number of asset objects unloaded after import = 80

========================================================================
Received Import Request.
  Time since last request: 0.000028 seconds.
  path: Assets/Prefabs/Enviroment/HorizontalBarrier5_0.prefab
  artifactKey: Guid(8499a30cc1236ed4fbcdf724f7ffa60c) Importer(815301076,1909f56bfc062723c751e8b465ee728b)
Start importing Assets/Prefabs/Enviroment/HorizontalBarrier5_0.prefab using Guid(8499a30cc1236ed4fbcdf724f7ffa60c) Importer(815301076,1909f56bfc062723c751e8b465ee728b) (PreviewImporter) -> (artifact id: 'a03389307611d8a7cf41d8510bcdc438') in 0.0269527 seconds
Number of updated asset objects reloaded before import = 0Number of asset objects unloaded after import = 80

========================================================================
Received Import Request.
  Time since last request: 0.000028 seconds.
  path: Assets/Prefabs/Enviroment/VerticalBarrier1_0.prefab
  artifactKey: Guid(d6e650186b1685145aa2bdea3907131c) Importer(815301076,1909f56bfc062723c751e8b465ee728b)
Start importing Assets/Prefabs/Enviroment/VerticalBarrier1_0.prefab using Guid(d6e650186b1685145aa2bdea3907131c) Importer(815301076,1909f56bfc062723c751e8b465ee728b) (PreviewImporter) -> (artifact id: '6f1f1eb1c78f754137ccbb79233cf7f4') in 0.0321974 seconds
Number of updated asset objects reloaded before import = 0Number of asset objects unloaded after import = 80

========================================================================
Received Import Request.
  Time since last request: 2.527207 seconds.
  path: Assets/Prefabs/Enviroment/VerticalBarrier4_0.prefab
  artifactKey: Guid(7475bf14dd93a49459f9815aca8a1ddf) Importer(815301076,1909f56bfc062723c751e8b465ee728b)
Start importing Assets/Prefabs/Enviroment/VerticalBarrier4_0.prefab using Guid(7475bf14dd93a49459f9815aca8a1ddf) Importer(815301076,1909f56bfc062723c751e8b465ee728b) (PreviewImporter) -> (artifact id: '1e56bb2a3ddccba99b5306809f7e5425') in 0.0222647 seconds
Number of updated asset objects reloaded before import = 0Number of asset objects unloaded after import = 80

========================================================================
Received Import Request.
  Time since last request: 0.000026 seconds.
  path: Assets/Prefabs/Enviroment/HorizontalBarrier5_0.prefab
  artifactKey: Guid(8499a30cc1236ed4fbcdf724f7ffa60c) Importer(815301076,1909f56bfc062723c751e8b465ee728b)
Start importing Assets/Prefabs/Enviroment/HorizontalBarrier5_0.prefab using Guid(8499a30cc1236ed4fbcdf724f7ffa60c) Importer(815301076,1909f56bfc062723c751e8b465ee728b) (PreviewImporter) -> (artifact id: '2daa7e58e20eaca6414d90f45f80c040') in 0.0287097 seconds
Number of updated asset objects reloaded before import = 0Number of asset objects unloaded after import = 80

========================================================================
Received Import Request.
  Time since last request: 0.000282 seconds.
  path: Assets/Prefabs/Enviroment/VerticalBarrier1_0.prefab
  artifactKey: Guid(d6e650186b1685145aa2bdea3907131c) Importer(815301076,1909f56bfc062723c751e8b465ee728b)
Start importing Assets/Prefabs/Enviroment/VerticalBarrier1_0.prefab using Guid(d6e650186b1685145aa2bdea3907131c) Importer(815301076,1909f56bfc062723c751e8b465ee728b) (PreviewImporter) -> (artifact id: '7381760660d914d3915e09474e2e7a1c') in 0.030353 seconds
Number of updated asset objects reloaded before import = 0Number of asset objects unloaded after import = 80

========================================================================
Received Import Request.
  Time since last request: 8.830573 seconds.
  path: Assets/Prefabs/Enviroment/HorizontalBarrier_blue.prefab
  artifactKey: Guid(ed4381e4e935c90418ef425eb0a648d1) Importer(815301076,1909f56bfc062723c751e8b465ee728b)
Start importing Assets/Prefabs/Enviroment/HorizontalBarrier_blue.prefab using Guid(ed4381e4e935c90418ef425eb0a648d1) Importer(815301076,1909f56bfc062723c751e8b465ee728b) (PreviewImporter) -> (artifact id: '76327fce9ab5dac7e01bf81e100bd435') in 0.0283743 seconds
Number of updated asset objects reloaded before import = 0Number of asset objects unloaded after import = 80

========================================================================
Received Import Request.
  Time since last request: 0.000194 seconds.
  path: Assets/Prefabs/Enviroment/HorizontalBarrier5_0.prefab
  artifactKey: Guid(8499a30cc1236ed4fbcdf724f7ffa60c) Importer(815301076,1909f56bfc062723c751e8b465ee728b)
Start importing Assets/Prefabs/Enviroment/HorizontalBarrier5_0.prefab using Guid(8499a30cc1236ed4fbcdf724f7ffa60c) Importer(815301076,1909f56bfc062723c751e8b465ee728b) (PreviewImporter) -> (artifact id: 'e7cb2d69de06bf5940a7131348f4a6de') in 0.0297304 seconds
Number of updated asset objects reloaded before import = 0Number of asset objects unloaded after import = 80

========================================================================
Received Import Request.
  Time since last request: 0.000138 seconds.
  path: Assets/Prefabs/Enviroment/VerticalBarrier4_0.prefab
  artifactKey: Guid(7475bf14dd93a49459f9815aca8a1ddf) Importer(815301076,1909f56bfc062723c751e8b465ee728b)
Start importing Assets/Prefabs/Enviroment/VerticalBarrier4_0.prefab using Guid(7475bf14dd93a49459f9815aca8a1ddf) Importer(815301076,1909f56bfc062723c751e8b465ee728b) (PreviewImporter) -> (artifact id: 'c12c9fc5c0251bc89959fe8e76113214') in 0.027404 seconds
Number of updated asset objects reloaded before import = 0Number of asset objects unloaded after import = 80

========================================================================
Received Import Request.
  Time since last request: 4.470642 seconds.
  path: Assets/Prefabs/Enviroment/HorizontalBarrier_blue.prefab
  artifactKey: Guid(ed4381e4e935c90418ef425eb0a648d1) Importer(815301076,1909f56bfc062723c751e8b465ee728b)
Start importing Assets/Prefabs/Enviroment/HorizontalBarrier_blue.prefab using Guid(ed4381e4e935c90418ef425eb0a648d1) Importer(815301076,1909f56bfc062723c751e8b465ee728b) (PreviewImporter) -> (artifact id: '5688247f7c438491f5732c59394f2e00') in 0.0245257 seconds
Number of updated asset objects reloaded before import = 0Number of asset objects unloaded after import = 80

========================================================================
Received Import Request.
  Time since last request: 0.000025 seconds.
  path: Assets/Prefabs/Enviroment/HorizontalBarrier5_0.prefab
  artifactKey: Guid(8499a30cc1236ed4fbcdf724f7ffa60c) Importer(815301076,1909f56bfc062723c751e8b465ee728b)
Start importing Assets/Prefabs/Enviroment/HorizontalBarrier5_0.prefab using Guid(8499a30cc1236ed4fbcdf724f7ffa60c) Importer(815301076,1909f56bfc062723c751e8b465ee728b) (PreviewImporter) -> (artifact id: '7fdf2c0b90840db512940d187044649b') in 0.0283763 seconds
Number of updated asset objects reloaded before import = 0Number of asset objects unloaded after import = 80

========================================================================
Received Import Request.
  Time since last request: 0.000031 seconds.
  path: Assets/Prefabs/Enviroment/VerticalBarrier4_0.prefab
  artifactKey: Guid(7475bf14dd93a49459f9815aca8a1ddf) Importer(815301076,1909f56bfc062723c751e8b465ee728b)
Start importing Assets/Prefabs/Enviroment/VerticalBarrier4_0.prefab using Guid(7475bf14dd93a49459f9815aca8a1ddf) Importer(815301076,1909f56bfc062723c751e8b465ee728b) (PreviewImporter) -> (artifact id: 'b3a6bcd29cdf86446c4c8f39f919ce7a') in 0.0277051 seconds
Number of updated asset objects reloaded before import = 0Number of asset objects unloaded after import = 80

========================================================================
Received Import Request.
  Time since last request: 14.271326 seconds.
  path: Assets/Prefabs/Enviroment/HorizontalBarrier5_0.prefab
  artifactKey: Guid(8499a30cc1236ed4fbcdf724f7ffa60c) Importer(815301076,1909f56bfc062723c751e8b465ee728b)
Start importing Assets/Prefabs/Enviroment/HorizontalBarrier5_0.prefab using Guid(8499a30cc1236ed4fbcdf724f7ffa60c) Importer(815301076,1909f56bfc062723c751e8b465ee728b) (PreviewImporter) -> (artifact id: 'ca64ffa4f40a0e4f870c7643ea024fdf') in 0.0236985 seconds
Number of updated asset objects reloaded before import = 0Number of asset objects unloaded after import = 80

========================================================================
Received Import Request.
  Time since last request: 0.000023 seconds.
  path: Assets/Prefabs/Enviroment/poolmat_0.prefab
  artifactKey: Guid(9a6ff90c04e58e442aa9f89dbd34978f) Importer(815301076,1909f56bfc062723c751e8b465ee728b)
Start importing Assets/Prefabs/Enviroment/poolmat_0.prefab using Guid(9a6ff90c04e58e442aa9f89dbd34978f) Importer(815301076,1909f56bfc062723c751e8b465ee728b) (PreviewImporter) -> (artifact id: 'ae86b6e8c73c749be6da000f895ee3a8') in 0.0269192 seconds
Number of updated asset objects reloaded before import = 0Number of asset objects unloaded after import = 80

========================================================================
Received Import Request.
  Time since last request: 0.000026 seconds.
  path: Assets/Prefabs/Enviroment/VerticalBarrier4_0.prefab
  artifactKey: Guid(7475bf14dd93a49459f9815aca8a1ddf) Importer(815301076,1909f56bfc062723c751e8b465ee728b)
Start importing Assets/Prefabs/Enviroment/VerticalBarrier4_0.prefab using Guid(7475bf14dd93a49459f9815aca8a1ddf) Importer(815301076,1909f56bfc062723c751e8b465ee728b) (PreviewImporter) -> (artifact id: '109775c96b5362fedf684bafafd1d301') in 0.0272725 seconds
Number of updated asset objects reloaded before import = 0Number of asset objects unloaded after import = 80

========================================================================
Received Import Request.
  Time since last request: 2.641774 seconds.
  path: Assets/Prefabs/Enviroment/HorizontalBarrier5_0.prefab
  artifactKey: Guid(8499a30cc1236ed4fbcdf724f7ffa60c) Importer(815301076,1909f56bfc062723c751e8b465ee728b)
Start importing Assets/Prefabs/Enviroment/HorizontalBarrier5_0.prefab using Guid(8499a30cc1236ed4fbcdf724f7ffa60c) Importer(815301076,1909f56bfc062723c751e8b465ee728b) (PreviewImporter) -> (artifact id: '3db3a0f22da9de25bba37683115e6de1') in 0.0243251 seconds
Number of updated asset objects reloaded before import = 0Number of asset objects unloaded after import = 80

========================================================================
Received Import Request.
  Time since last request: 0.000031 seconds.
  path: Assets/Prefabs/Enviroment/poolmat_0.prefab
  artifactKey: Guid(9a6ff90c04e58e442aa9f89dbd34978f) Importer(815301076,1909f56bfc062723c751e8b465ee728b)
Start importing Assets/Prefabs/Enviroment/poolmat_0.prefab using Guid(9a6ff90c04e58e442aa9f89dbd34978f) Importer(815301076,1909f56bfc062723c751e8b465ee728b) (PreviewImporter) -> (artifact id: '8bdc1f1a448fdf8ac3eb159532c7d4e8') in 0.0247378 seconds
Number of updated asset objects reloaded before import = 0Number of asset objects unloaded after import = 80

========================================================================
Received Import Request.
  Time since last request: 0.000024 seconds.
  path: Assets/Prefabs/Enviroment/VerticalBarrier4_0.prefab
  artifactKey: Guid(7475bf14dd93a49459f9815aca8a1ddf) Importer(815301076,1909f56bfc062723c751e8b465ee728b)
Start importing Assets/Prefabs/Enviroment/VerticalBarrier4_0.prefab using Guid(7475bf14dd93a49459f9815aca8a1ddf) Importer(815301076,1909f56bfc062723c751e8b465ee728b) (PreviewImporter) -> (artifact id: '8c3434b2fe82fb609ebf6630a050bd1d') in 0.0248879 seconds
Number of updated asset objects reloaded before import = 0Number of asset objects unloaded after import = 80

========================================================================
Received Import Request.
  Time since last request: 5.642129 seconds.
  path: Assets/Prefabs/Enviroment/HorizontalBarrier4_0.prefab
  artifactKey: Guid(fd8a2b4399c2d8d4bb82edb11d847be7) Importer(815301076,1909f56bfc062723c751e8b465ee728b)
Start importing Assets/Prefabs/Enviroment/HorizontalBarrier4_0.prefab using Guid(fd8a2b4399c2d8d4bb82edb11d847be7) Importer(815301076,1909f56bfc062723c751e8b465ee728b) (PreviewImporter) -> (artifact id: '3b561b465dc54512e7556bf37d4bbb50') in 0.025611 seconds
Number of updated asset objects reloaded before import = 0Number of asset objects unloaded after import = 80

========================================================================
Received Import Request.
  Time since last request: 0.000023 seconds.
  path: Assets/Prefabs/Enviroment/poolmat_0.prefab
  artifactKey: Guid(9a6ff90c04e58e442aa9f89dbd34978f) Importer(815301076,1909f56bfc062723c751e8b465ee728b)
Start importing Assets/Prefabs/Enviroment/poolmat_0.prefab using Guid(9a6ff90c04e58e442aa9f89dbd34978f) Importer(815301076,1909f56bfc062723c751e8b465ee728b) (PreviewImporter) -> (artifact id: '00dcec170594d53cb31a4ba3adaf5d9d') in 0.0264684 seconds
Number of updated asset objects reloaded before import = 0Number of asset objects unloaded after import = 80

========================================================================
Received Import Request.
  Time since last request: 0.000023 seconds.
  path: Assets/Prefabs/Enviroment/VerticalBarrier4_0.prefab
  artifactKey: Guid(7475bf14dd93a49459f9815aca8a1ddf) Importer(815301076,1909f56bfc062723c751e8b465ee728b)
Start importing Assets/Prefabs/Enviroment/VerticalBarrier4_0.prefab using Guid(7475bf14dd93a49459f9815aca8a1ddf) Importer(815301076,1909f56bfc062723c751e8b465ee728b) (PreviewImporter) -> (artifact id: '0066e52530fed8e4ced664086fc5e5a1') in 0.0256376 seconds
Number of updated asset objects reloaded before import = 0Number of asset objects unloaded after import = 80

========================================================================
Received Import Request.
  Time since last request: 3.019461 seconds.
  path: Assets/Prefabs/Enviroment/HorizontalBarrier4_0.prefab
  artifactKey: Guid(fd8a2b4399c2d8d4bb82edb11d847be7) Importer(815301076,1909f56bfc062723c751e8b465ee728b)
Start importing Assets/Prefabs/Enviroment/HorizontalBarrier4_0.prefab using Guid(fd8a2b4399c2d8d4bb82edb11d847be7) Importer(815301076,1909f56bfc062723c751e8b465ee728b) (PreviewImporter) -> (artifact id: '968250557f75a8deb22a2ddc1720b13e') in 0.0241343 seconds
Number of updated asset objects reloaded before import = 0Number of asset objects unloaded after import = 80

========================================================================
Received Import Request.
  Time since last request: 0.000023 seconds.
  path: Assets/Prefabs/Enviroment/poolmat_0.prefab
  artifactKey: Guid(9a6ff90c04e58e442aa9f89dbd34978f) Importer(815301076,1909f56bfc062723c751e8b465ee728b)
Start importing Assets/Prefabs/Enviroment/poolmat_0.prefab using Guid(9a6ff90c04e58e442aa9f89dbd34978f) Importer(815301076,1909f56bfc062723c751e8b465ee728b) (PreviewImporter) -> (artifact id: 'ff3a423ec3c684970c5e9ee41d8586ff') in 0.0264718 seconds
Number of updated asset objects reloaded before import = 0Number of asset objects unloaded after import = 80

========================================================================
Received Import Request.
  Time since last request: 0.000028 seconds.
  path: Assets/Prefabs/Enviroment/VerticalBarrier4_0.prefab
  artifactKey: Guid(7475bf14dd93a49459f9815aca8a1ddf) Importer(815301076,1909f56bfc062723c751e8b465ee728b)
Start importing Assets/Prefabs/Enviroment/VerticalBarrier4_0.prefab using Guid(7475bf14dd93a49459f9815aca8a1ddf) Importer(815301076,1909f56bfc062723c751e8b465ee728b) (PreviewImporter) -> (artifact id: '1205bfd82c54d8e08dd803b88963dbcf') in 0.0260154 seconds
Number of updated asset objects reloaded before import = 0Number of asset objects unloaded after import = 80

========================================================================
Received Import Request.
  Time since last request: 5.762618 seconds.
  path: Assets/Prefabs/Enviroment/HorizontalBarrier3_0.prefab
  artifactKey: Guid(d75ed3e12d3dc2e428f20e4188128ea3) Importer(815301076,1909f56bfc062723c751e8b465ee728b)
Start importing Assets/Prefabs/Enviroment/HorizontalBarrier3_0.prefab using Guid(d75ed3e12d3dc2e428f20e4188128ea3) Importer(815301076,1909f56bfc062723c751e8b465ee728b) (PreviewImporter) -> (artifact id: '9b857dc0291d17aede877da4b58516a4') in 0.0332951 seconds
Number of updated asset objects reloaded before import = 0Number of asset objects unloaded after import = 80

========================================================================
Received Import Request.
  Time since last request: 0.002208 seconds.
  path: Assets/Prefabs/Enviroment/poolmat_0.prefab
  artifactKey: Guid(9a6ff90c04e58e442aa9f89dbd34978f) Importer(815301076,1909f56bfc062723c751e8b465ee728b)
Start importing Assets/Prefabs/Enviroment/poolmat_0.prefab using Guid(9a6ff90c04e58e442aa9f89dbd34978f) Importer(815301076,1909f56bfc062723c751e8b465ee728b) (PreviewImporter) -> (artifact id: '61d4274affb0fd8ac56429959b4f8705') in 0.0358865 seconds
Number of updated asset objects reloaded before import = 0Number of asset objects unloaded after import = 80

========================================================================
Received Import Request.
  Time since last request: 0.001094 seconds.
  path: Assets/Prefabs/Enviroment/VerticalBarrier4_0.prefab
  artifactKey: Guid(7475bf14dd93a49459f9815aca8a1ddf) Importer(815301076,1909f56bfc062723c751e8b465ee728b)
Start importing Assets/Prefabs/Enviroment/VerticalBarrier4_0.prefab using Guid(7475bf14dd93a49459f9815aca8a1ddf) Importer(815301076,1909f56bfc062723c751e8b465ee728b) (PreviewImporter) -> (artifact id: '8fcb49b7d0ff7ab544dfa9ea76f6c804') in 0.036156 seconds
Number of updated asset objects reloaded before import = 0Number of asset objects unloaded after import = 80

========================================================================
Received Import Request.
  Time since last request: 2.458268 seconds.
  path: Assets/Prefabs/Enviroment/HorizontalBarrier3_0.prefab
  artifactKey: Guid(d75ed3e12d3dc2e428f20e4188128ea3) Importer(815301076,1909f56bfc062723c751e8b465ee728b)
Start importing Assets/Prefabs/Enviroment/HorizontalBarrier3_0.prefab using Guid(d75ed3e12d3dc2e428f20e4188128ea3) Importer(815301076,1909f56bfc062723c751e8b465ee728b) (PreviewImporter) -> (artifact id: '404d359fb79c924e5644bc2b7d654ccb') in 0.0221155 seconds
Number of updated asset objects reloaded before import = 0Number of asset objects unloaded after import = 80

========================================================================
Received Import Request.
  Time since last request: 0.000024 seconds.
  path: Assets/Prefabs/Enviroment/poolmat_0.prefab
  artifactKey: Guid(9a6ff90c04e58e442aa9f89dbd34978f) Importer(815301076,1909f56bfc062723c751e8b465ee728b)
Start importing Assets/Prefabs/Enviroment/poolmat_0.prefab using Guid(9a6ff90c04e58e442aa9f89dbd34978f) Importer(815301076,1909f56bfc062723c751e8b465ee728b) (PreviewImporter) -> (artifact id: 'b14d5418daf7b9490b00b5aa3e2e9b4e') in 0.0253084 seconds
Number of updated asset objects reloaded before import = 0Number of asset objects unloaded after import = 80

========================================================================
Received Import Request.
  Time since last request: 0.000023 seconds.
  path: Assets/Prefabs/Enviroment/VerticalBarrier4_0.prefab
  artifactKey: Guid(7475bf14dd93a49459f9815aca8a1ddf) Importer(815301076,1909f56bfc062723c751e8b465ee728b)
Start importing Assets/Prefabs/Enviroment/VerticalBarrier4_0.prefab using Guid(7475bf14dd93a49459f9815aca8a1ddf) Importer(815301076,1909f56bfc062723c751e8b465ee728b) (PreviewImporter) -> (artifact id: '1f68fb61aa5f915a14793250b34a2ed4') in 0.0240533 seconds
Number of updated asset objects reloaded before import = 0Number of asset objects unloaded after import = 80

========================================================================
Received Prepare
Begin MonoManager ReloadAssembly
- Loaded All Assemblies, in  1.485 seconds
Refreshing native plugins compatible for Editor in 3.92 ms, found 4 plugins.
Native extension for Android target not found
Native extension for UWP target not found
Native extension for WindowsStandalone target not found
Mono: successfully reloaded assembly
- Finished resetting the current domain, in  1.305 seconds
Domain Reload Profiling: 2790ms
	BeginReloadAssembly (441ms)
		ExecutionOrderSort (0ms)
		DisableScriptedObjects (30ms)
		BackupInstance (0ms)
		ReleaseScriptingObjects (0ms)
		CreateAndSetChildDomain (84ms)
	RebuildCommonClasses (95ms)
	RebuildNativeTypeToScriptingClass (38ms)
	initialDomainReloadingComplete (62ms)
	LoadAllAssembliesAndSetupDomain (846ms)
		LoadAssemblies (745ms)
		RebuildTransferFunctionScriptingTraits (0ms)
		AnalyzeDomain (368ms)
			TypeCache.Refresh (11ms)
				TypeCache.ScanAssembly (0ms)
			BuildScriptInfoCaches (331ms)
			ResolveRequiredComponents (21ms)
	FinalizeReload (1306ms)
		ReleaseScriptCaches (0ms)
		RebuildScriptCaches (0ms)
		SetupLoadedEditorAssemblies (999ms)
			LogAssemblyErrors (0ms)
			InitializePlatformSupportModulesInManaged (28ms)
			SetLoadedEditorAssemblies (10ms)
			BeforeProcessingInitializeOnLoad (235ms)
			ProcessInitializeOnLoadAttributes (628ms)
			ProcessInitializeOnLoadMethodAttributes (91ms)
			AfterProcessingInitializeOnLoad (6ms)
			EditorAssembliesLoaded (0ms)
		ExecutionOrderSort2 (0ms)
		AwakeInstancesAfterBackupRestoration (18ms)
Refreshing native plugins compatible for Editor in 5.10 ms, found 4 plugins.
Preloading 0 native plugins for Editor in 0.00 ms.
Unloading 0 Unused Serialized files (Serialized files now loaded: 0)
Unloading 4356 unused Assets / (222.4 KB). Loaded Objects now: 4931.
Memory consumption went from 95.6 MB to 95.4 MB.
Total: 15.457200 ms (FindLiveObjects: 1.403200 ms CreateObjectMapping: 0.933300 ms MarkObjects: 11.069400 ms  DeleteObjects: 2.048600 ms)

Prepare: number of updated asset objects reloaded= 0
========================================================================
Received Import Request.
  Time since last request: 84.521593 seconds.
  path: Assets/Prefabs/Enviroment/Bouy.prefab
  artifactKey: Guid(2edc72951d3a87246adbc6f787a2bf03) Importer(815301076,1909f56bfc062723c751e8b465ee728b)
Start importing Assets/Prefabs/Enviroment/Bouy.prefab using Guid(2edc72951d3a87246adbc6f787a2bf03) Importer(815301076,1909f56bfc062723c751e8b465ee728b) (PreviewImporter) -> (artifact id: 'd128e3a00d62f3bb1b8d5ac4d8f5a84b') in 0.1619612 seconds
Number of updated asset objects reloaded before import = 0Number of asset objects unloaded after import = 23

========================================================================
Received Import Request.
  Time since last request: 9.717808 seconds.
  path: Assets/Prefabs/Enviroment/Bouy.prefab
  artifactKey: Guid(2edc72951d3a87246adbc6f787a2bf03) Importer(815301076,1909f56bfc062723c751e8b465ee728b)
Start importing Assets/Prefabs/Enviroment/Bouy.prefab using Guid(2edc72951d3a87246adbc6f787a2bf03) Importer(815301076,1909f56bfc062723c751e8b465ee728b) (PreviewImporter) -> (artifact id: '3fd7d60f555aaa3328f1214c05e0ee73') in 0.0161004 seconds
Number of updated asset objects reloaded before import = 0Number of asset objects unloaded after import = 16

========================================================================
Received Import Request.
  Time since last request: 21.039787 seconds.
  path: Assets/Sprites/Player/hitanim.png
  artifactKey: Guid(0e6ad0acafbb4ae489d9c357ff2c1b9a) Importer(815301076,1909f56bfc062723c751e8b465ee728b)
Start importing Assets/Sprites/Player/hitanim.png using Guid(0e6ad0acafbb4ae489d9c357ff2c1b9a) Importer(815301076,1909f56bfc062723c751e8b465ee728b) (PreviewImporter) -> (artifact id: '97c0daa0e9477bf2ff3ea25e12703343') in 0.218904 seconds
Number of updated asset objects reloaded before import = 0Number of asset objects unloaded after import = 8

========================================================================
Received Import Request.
  Time since last request: 0.000564 seconds.
  path: Assets/Sprites/Player/jump_denied_right.png
  artifactKey: Guid(8340a97c8c82369409170ade2e136342) Importer(815301076,1909f56bfc062723c751e8b465ee728b)
Start importing Assets/Sprites/Player/jump_denied_right.png using Guid(8340a97c8c82369409170ade2e136342) Importer(815301076,1909f56bfc062723c751e8b465ee728b) (PreviewImporter) -> (artifact id: 'c2c2324fa69b52094b723d629dd51f6b') in 0.0302214 seconds
Number of updated asset objects reloaded before import = 0Number of asset objects unloaded after import = 7

========================================================================
Received Import Request.
  Time since last request: 0.000564 seconds.
  path: Assets/Sprites/Player/jump_denied_front.png
  artifactKey: Guid(95a0a869bfcb6874faa9e4ddfa79ebbb) Importer(815301076,1909f56bfc062723c751e8b465ee728b)
Start importing Assets/Sprites/Player/jump_denied_front.png using Guid(95a0a869bfcb6874faa9e4ddfa79ebbb) Importer(815301076,1909f56bfc062723c751e8b465ee728b) (PreviewImporter) -> (artifact id: 'b30ad214a7111c72b6c628a9ab792b63') in 0.0337599 seconds
Number of updated asset objects reloaded before import = 0Number of asset objects unloaded after import = 8

========================================================================
Received Import Request.
  Time since last request: 0.000499 seconds.
  path: Assets/Sprites/Player/jump_forward.png
  artifactKey: Guid(251e99a27f625b7419d0900685fa7340) Importer(815301076,1909f56bfc062723c751e8b465ee728b)
Start importing Assets/Sprites/Player/jump_forward.png using Guid(251e99a27f625b7419d0900685fa7340) Importer(815301076,1909f56bfc062723c751e8b465ee728b) (PreviewImporter) -> (artifact id: '8357b43a1700efe64705c9ea9941d51d') in 0.0457002 seconds
Number of updated asset objects reloaded before import = 0Number of asset objects unloaded after import = 11

========================================================================
Received Import Request.
  Time since last request: 0.000471 seconds.
  path: Assets/Sprites/Player/IdleForward.png
  artifactKey: Guid(8a8ce278fa612ce42b70af42890227b5) Importer(815301076,1909f56bfc062723c751e8b465ee728b)
Start importing Assets/Sprites/Player/IdleForward.png using Guid(8a8ce278fa612ce42b70af42890227b5) Importer(815301076,1909f56bfc062723c751e8b465ee728b) (PreviewImporter) -> (artifact id: 'd9dcf21855a54c2f98ef32266a717d09') in 0.0298107 seconds
Number of updated asset objects reloaded before import = 0Number of asset objects unloaded after import = 8

========================================================================
Received Import Request.
  Time since last request: 43.071650 seconds.
  path: Assets/Prefabs/Enviroment/HorizontalBarrier1_0.prefab
  artifactKey: Guid(30b6944c1dfacdc4ba92f4a29dfc2826) Importer(815301076,1909f56bfc062723c751e8b465ee728b)
Start importing Assets/Prefabs/Enviroment/HorizontalBarrier1_0.prefab using Guid(30b6944c1dfacdc4ba92f4a29dfc2826) Importer(815301076,1909f56bfc062723c751e8b465ee728b) (PreviewImporter) -> (artifact id: 'd838af2d8b3088004d8c6f60619f0a85') in 0.0088579 seconds
Number of updated asset objects reloaded before import = 0Number of asset objects unloaded after import = 8

========================================================================
Received Import Request.
  Time since last request: 0.029656 seconds.
  path: Assets/Prefabs/Enviroment/poolmat_0.prefab
  artifactKey: Guid(9a6ff90c04e58e442aa9f89dbd34978f) Importer(815301076,1909f56bfc062723c751e8b465ee728b)
Start importing Assets/Prefabs/Enviroment/poolmat_0.prefab using Guid(9a6ff90c04e58e442aa9f89dbd34978f) Importer(815301076,1909f56bfc062723c751e8b465ee728b) (PreviewImporter) -> (artifact id: '118d3d2695b56c85460c59ae7f13dc1d') in 0.011855 seconds
Number of updated asset objects reloaded before import = 0Number of asset objects unloaded after import = 8

========================================================================
Received Import Request.
  Time since last request: 14.637189 seconds.
  path: Assets/Prefabs/Enviroment/HorizontalBarrier1_0.prefab
  artifactKey: Guid(30b6944c1dfacdc4ba92f4a29dfc2826) Importer(815301076,1909f56bfc062723c751e8b465ee728b)
Start importing Assets/Prefabs/Enviroment/HorizontalBarrier1_0.prefab using Guid(30b6944c1dfacdc4ba92f4a29dfc2826) Importer(815301076,1909f56bfc062723c751e8b465ee728b) (PreviewImporter) -> (artifact id: '4fb58e826a3ad4f90a1fb38a727b101e') in 0.0089155 seconds
Number of updated asset objects reloaded before import = 0Number of asset objects unloaded after import = 8

========================================================================
Received Import Request.
  Time since last request: 0.008418 seconds.
  path: Assets/Prefabs/Enviroment/poolmat_0.prefab
  artifactKey: Guid(9a6ff90c04e58e442aa9f89dbd34978f) Importer(815301076,1909f56bfc062723c751e8b465ee728b)
Start importing Assets/Prefabs/Enviroment/poolmat_0.prefab using Guid(9a6ff90c04e58e442aa9f89dbd34978f) Importer(815301076,1909f56bfc062723c751e8b465ee728b) (PreviewImporter) -> (artifact id: '5ba4e73c67b87ab341bd3bc609717241') in 0.0118932 seconds
Number of updated asset objects reloaded before import = 0Number of asset objects unloaded after import = 15

========================================================================
Received Import Request.
  Time since last request: 3.054168 seconds.
  path: Assets/Prefabs/Enviroment/HorizontalBarrier1_0.prefab
  artifactKey: Guid(30b6944c1dfacdc4ba92f4a29dfc2826) Importer(815301076,1909f56bfc062723c751e8b465ee728b)
Start importing Assets/Prefabs/Enviroment/HorizontalBarrier1_0.prefab using Guid(30b6944c1dfacdc4ba92f4a29dfc2826) Importer(815301076,1909f56bfc062723c751e8b465ee728b) (PreviewImporter) -> (artifact id: 'fff789a07bb10289f0b682cb9b12d27d') in 0.0088781 seconds
Number of updated asset objects reloaded before import = 0Number of asset objects unloaded after import = 8

========================================================================
Received Import Request.
  Time since last request: 0.008496 seconds.
  path: Assets/Prefabs/Enviroment/poolmat_0.prefab
  artifactKey: Guid(9a6ff90c04e58e442aa9f89dbd34978f) Importer(815301076,1909f56bfc062723c751e8b465ee728b)
Start importing Assets/Prefabs/Enviroment/poolmat_0.prefab using Guid(9a6ff90c04e58e442aa9f89dbd34978f) Importer(815301076,1909f56bfc062723c751e8b465ee728b) (PreviewImporter) -> (artifact id: '0aacfcae7b28c5945617b3d3e71b8d00') in 0.0112212 seconds
Number of updated asset objects reloaded before import = 0Number of asset objects unloaded after import = 15

========================================================================
Received Import Request.
  Time since last request: 3.024038 seconds.
  path: Assets/Prefabs/Enviroment/HorizontalBarrier1_0.prefab
  artifactKey: Guid(30b6944c1dfacdc4ba92f4a29dfc2826) Importer(815301076,1909f56bfc062723c751e8b465ee728b)
Start importing Assets/Prefabs/Enviroment/HorizontalBarrier1_0.prefab using Guid(30b6944c1dfacdc4ba92f4a29dfc2826) Importer(815301076,1909f56bfc062723c751e8b465ee728b) (PreviewImporter) -> (artifact id: '86f60a7c99944657621f407a6e13c4f1') in 0.0125407 seconds
Number of updated asset objects reloaded before import = 0Number of asset objects unloaded after import = 8

========================================================================
Received Import Request.
  Time since last request: 0.005370 seconds.
  path: Assets/Prefabs/Enviroment/poolmat_0.prefab
  artifactKey: Guid(9a6ff90c04e58e442aa9f89dbd34978f) Importer(815301076,1909f56bfc062723c751e8b465ee728b)
Start importing Assets/Prefabs/Enviroment/poolmat_0.prefab using Guid(9a6ff90c04e58e442aa9f89dbd34978f) Importer(815301076,1909f56bfc062723c751e8b465ee728b) (PreviewImporter) -> (artifact id: '1a4d35ee9dc9c8472cae73ff8fa554a6') in 0.0101336 seconds
Number of updated asset objects reloaded before import = 0Number of asset objects unloaded after import = 15

========================================================================
Received Import Request.
  Time since last request: 2.090160 seconds.
  path: Assets/Prefabs/Enviroment/HorizontalBarrier1_0.prefab
  artifactKey: Guid(30b6944c1dfacdc4ba92f4a29dfc2826) Importer(815301076,1909f56bfc062723c751e8b465ee728b)
Start importing Assets/Prefabs/Enviroment/HorizontalBarrier1_0.prefab using Guid(30b6944c1dfacdc4ba92f4a29dfc2826) Importer(815301076,1909f56bfc062723c751e8b465ee728b) (PreviewImporter) -> (artifact id: 'a163e9bfc44afd2e921754266fbd335c') in 0.0081676 seconds
Number of updated asset objects reloaded before import = 0Number of asset objects unloaded after import = 8

========================================================================
Received Import Request.
  Time since last request: 0.007334 seconds.
  path: Assets/Prefabs/Enviroment/poolmat_0.prefab
  artifactKey: Guid(9a6ff90c04e58e442aa9f89dbd34978f) Importer(815301076,1909f56bfc062723c751e8b465ee728b)
Start importing Assets/Prefabs/Enviroment/poolmat_0.prefab using Guid(9a6ff90c04e58e442aa9f89dbd34978f) Importer(815301076,1909f56bfc062723c751e8b465ee728b) (PreviewImporter) -> (artifact id: '2daf581eb595dda1582d04ac1b91335b') in 0.0116267 seconds
Number of updated asset objects reloaded before import = 0Number of asset objects unloaded after import = 15

========================================================================
Received Import Request.
  Time since last request: 7.734790 seconds.
  path: Assets/Prefabs/Enviroment/HorizontalBarrier1_0.prefab
  artifactKey: Guid(30b6944c1dfacdc4ba92f4a29dfc2826) Importer(815301076,1909f56bfc062723c751e8b465ee728b)
Start importing Assets/Prefabs/Enviroment/HorizontalBarrier1_0.prefab using Guid(30b6944c1dfacdc4ba92f4a29dfc2826) Importer(815301076,1909f56bfc062723c751e8b465ee728b) (PreviewImporter) -> (artifact id: '87c27124661ce8c83858e1f0854e5926') in 0.010175 seconds
Number of updated asset objects reloaded before import = 0Number of asset objects unloaded after import = 15

========================================================================
Received Import Request.
  Time since last request: 0.005434 seconds.
  path: Assets/Prefabs/Enviroment/poolmat_0.prefab
  artifactKey: Guid(9a6ff90c04e58e442aa9f89dbd34978f) Importer(815301076,1909f56bfc062723c751e8b465ee728b)
Start importing Assets/Prefabs/Enviroment/poolmat_0.prefab using Guid(9a6ff90c04e58e442aa9f89dbd34978f) Importer(815301076,1909f56bfc062723c751e8b465ee728b) (PreviewImporter) -> (artifact id: '4d7d3fbf4944cc1ce4d21a96c91fd8f6') in 0.0109464 seconds
Number of updated asset objects reloaded before import = 0Number of asset objects unloaded after import = 22

========================================================================
Received Import Request.
  Time since last request: 4.534662 seconds.
  path: Assets/Prefabs/Enviroment/HorizontalBarrier1_0.prefab
  artifactKey: Guid(30b6944c1dfacdc4ba92f4a29dfc2826) Importer(815301076,1909f56bfc062723c751e8b465ee728b)
Start importing Assets/Prefabs/Enviroment/HorizontalBarrier1_0.prefab using Guid(30b6944c1dfacdc4ba92f4a29dfc2826) Importer(815301076,1909f56bfc062723c751e8b465ee728b) (PreviewImporter) -> (artifact id: '249eb39dc28cad7b5d026826c3abbbb8') in 0.0109555 seconds
Number of updated asset objects reloaded before import = 0Number of asset objects unloaded after import = 22

========================================================================
Received Import Request.
  Time since last request: 0.005052 seconds.
  path: Assets/Prefabs/Enviroment/poolmat_0.prefab
  artifactKey: Guid(9a6ff90c04e58e442aa9f89dbd34978f) Importer(815301076,1909f56bfc062723c751e8b465ee728b)
Start importing Assets/Prefabs/Enviroment/poolmat_0.prefab using Guid(9a6ff90c04e58e442aa9f89dbd34978f) Importer(815301076,1909f56bfc062723c751e8b465ee728b) (PreviewImporter) -> (artifact id: '75d5f9544ff47cda44fa11762e1b4067') in 0.0123294 seconds
Number of updated asset objects reloaded before import = 0Number of asset objects unloaded after import = 22

========================================================================
Received Import Request.
  Time since last request: 9.659059 seconds.
  path: Assets/Prefabs/Enviroment/HorizontalBarrier1_0.prefab
  artifactKey: Guid(30b6944c1dfacdc4ba92f4a29dfc2826) Importer(815301076,1909f56bfc062723c751e8b465ee728b)
Start importing Assets/Prefabs/Enviroment/HorizontalBarrier1_0.prefab using Guid(30b6944c1dfacdc4ba92f4a29dfc2826) Importer(815301076,1909f56bfc062723c751e8b465ee728b) (PreviewImporter) -> (artifact id: '9e46ccaa7df9d34b566a95b492e20460') in 0.0112049 seconds
Number of updated asset objects reloaded before import = 0Number of asset objects unloaded after import = 22

========================================================================
Received Import Request.
  Time since last request: 0.004570 seconds.
  path: Assets/Prefabs/Enviroment/poolmat_0.prefab
  artifactKey: Guid(9a6ff90c04e58e442aa9f89dbd34978f) Importer(815301076,1909f56bfc062723c751e8b465ee728b)
Start importing Assets/Prefabs/Enviroment/poolmat_0.prefab using Guid(9a6ff90c04e58e442aa9f89dbd34978f) Importer(815301076,1909f56bfc062723c751e8b465ee728b) (PreviewImporter) -> (artifact id: 'd1fd379792f06d3b39071fef1277c12d') in 0.013063 seconds
Number of updated asset objects reloaded before import = 0Number of asset objects unloaded after import = 22

========================================================================
Received Import Request.
  Time since last request: 2.950651 seconds.
  path: Assets/Prefabs/Enviroment/HorizontalBarrier1_0.prefab
  artifactKey: Guid(30b6944c1dfacdc4ba92f4a29dfc2826) Importer(815301076,1909f56bfc062723c751e8b465ee728b)
Start importing Assets/Prefabs/Enviroment/HorizontalBarrier1_0.prefab using Guid(30b6944c1dfacdc4ba92f4a29dfc2826) Importer(815301076,1909f56bfc062723c751e8b465ee728b) (PreviewImporter) -> (artifact id: '792f8349caeb48f971cf9cff0e85e5e5') in 0.012954 seconds
Number of updated asset objects reloaded before import = 0Number of asset objects unloaded after import = 22

========================================================================
Received Import Request.
  Time since last request: 0.009003 seconds.
  path: Assets/Prefabs/Enviroment/poolmat_0.prefab
  artifactKey: Guid(9a6ff90c04e58e442aa9f89dbd34978f) Importer(815301076,1909f56bfc062723c751e8b465ee728b)
Start importing Assets/Prefabs/Enviroment/poolmat_0.prefab using Guid(9a6ff90c04e58e442aa9f89dbd34978f) Importer(815301076,1909f56bfc062723c751e8b465ee728b) (PreviewImporter) -> (artifact id: '7c0075f5666664686f8e9701b5b7a3dc') in 0.0134574 seconds
Number of updated asset objects reloaded before import = 0Number of asset objects unloaded after import = 22

========================================================================
Received Import Request.
  Time since last request: 2.029540 seconds.
  path: Assets/Prefabs/Enviroment/HorizontalBarrier1_0.prefab
  artifactKey: Guid(30b6944c1dfacdc4ba92f4a29dfc2826) Importer(815301076,1909f56bfc062723c751e8b465ee728b)
Start importing Assets/Prefabs/Enviroment/HorizontalBarrier1_0.prefab using Guid(30b6944c1dfacdc4ba92f4a29dfc2826) Importer(815301076,1909f56bfc062723c751e8b465ee728b) (PreviewImporter) -> (artifact id: '3f3ee203801acee7b5161b138151881e') in 0.0109111 seconds
Number of updated asset objects reloaded before import = 0Number of asset objects unloaded after import = 22

========================================================================
Received Import Request.
  Time since last request: 0.004343 seconds.
  path: Assets/Prefabs/Enviroment/poolmat_0.prefab
  artifactKey: Guid(9a6ff90c04e58e442aa9f89dbd34978f) Importer(815301076,1909f56bfc062723c751e8b465ee728b)
Start importing Assets/Prefabs/Enviroment/poolmat_0.prefab using Guid(9a6ff90c04e58e442aa9f89dbd34978f) Importer(815301076,1909f56bfc062723c751e8b465ee728b) (PreviewImporter) -> (artifact id: 'd4bb1f5f4988d78fe5c7ad626c289d62') in 0.0133773 seconds
Number of updated asset objects reloaded before import = 0Number of asset objects unloaded after import = 22

========================================================================
Received Import Request.
  Time since last request: 1.879749 seconds.
  path: Assets/Prefabs/Enviroment/HorizontalBarrier1_0.prefab
  artifactKey: Guid(30b6944c1dfacdc4ba92f4a29dfc2826) Importer(815301076,1909f56bfc062723c751e8b465ee728b)
Start importing Assets/Prefabs/Enviroment/HorizontalBarrier1_0.prefab using Guid(30b6944c1dfacdc4ba92f4a29dfc2826) Importer(815301076,1909f56bfc062723c751e8b465ee728b) (PreviewImporter) -> (artifact id: '285354cc44c57d445961feca5f2b17ba') in 0.0118674 seconds
Number of updated asset objects reloaded before import = 0Number of asset objects unloaded after import = 22

========================================================================
Received Import Request.
  Time since last request: 0.005363 seconds.
  path: Assets/Prefabs/Enviroment/poolmat_0.prefab
  artifactKey: Guid(9a6ff90c04e58e442aa9f89dbd34978f) Importer(815301076,1909f56bfc062723c751e8b465ee728b)
Start importing Assets/Prefabs/Enviroment/poolmat_0.prefab using Guid(9a6ff90c04e58e442aa9f89dbd34978f) Importer(815301076,1909f56bfc062723c751e8b465ee728b) (PreviewImporter) -> (artifact id: 'f07deafb0db8a039f92dc7a955e5d807') in 0.0130773 seconds
Number of updated asset objects reloaded before import = 0Number of asset objects unloaded after import = 22

========================================================================
Received Import Request.
  Time since last request: 14.881182 seconds.
  path: Assets/Prefabs/Enviroment/HorizontalBarrier1_0.prefab
  artifactKey: Guid(30b6944c1dfacdc4ba92f4a29dfc2826) Importer(815301076,1909f56bfc062723c751e8b465ee728b)
Start importing Assets/Prefabs/Enviroment/HorizontalBarrier1_0.prefab using Guid(30b6944c1dfacdc4ba92f4a29dfc2826) Importer(815301076,1909f56bfc062723c751e8b465ee728b) (PreviewImporter) -> (artifact id: '0f35941766f5a4a29101bb646f55344f') in 0.0143346 seconds
Number of updated asset objects reloaded before import = 0Number of asset objects unloaded after import = 22

========================================================================
Received Import Request.
  Time since last request: 0.000343 seconds.
  path: Assets/Prefabs/Enviroment/VerticalBarrier1_0.prefab
  artifactKey: Guid(d6e650186b1685145aa2bdea3907131c) Importer(815301076,1909f56bfc062723c751e8b465ee728b)
Start importing Assets/Prefabs/Enviroment/VerticalBarrier1_0.prefab using Guid(d6e650186b1685145aa2bdea3907131c) Importer(815301076,1909f56bfc062723c751e8b465ee728b) (PreviewImporter) -> (artifact id: '1b2f2c6f544b3215202cb101ec34fd2e') in 0.0152686 seconds
Number of updated asset objects reloaded before import = 0Number of asset objects unloaded after import = 22

========================================================================
Received Prepare
Begin MonoManager ReloadAssembly
- Loaded All Assemblies, in  1.372 seconds
Refreshing native plugins compatible for Editor in 4.51 ms, found 4 plugins.
Native extension for Android target not found
Native extension for UWP target not found
Native extension for WindowsStandalone target not found
Mono: successfully reloaded assembly
- Finished resetting the current domain, in  1.206 seconds
Domain Reload Profiling: 2578ms
	BeginReloadAssembly (416ms)
		ExecutionOrderSort (0ms)
		DisableScriptedObjects (29ms)
		BackupInstance (0ms)
		ReleaseScriptingObjects (0ms)
		CreateAndSetChildDomain (77ms)
	RebuildCommonClasses (90ms)
	RebuildNativeTypeToScriptingClass (36ms)
	initialDomainReloadingComplete (58ms)
	LoadAllAssembliesAndSetupDomain (771ms)
		LoadAssemblies (674ms)
		RebuildTransferFunctionScriptingTraits (0ms)
		AnalyzeDomain (348ms)
			TypeCache.Refresh (9ms)
				TypeCache.ScanAssembly (0ms)
			BuildScriptInfoCaches (319ms)
			ResolveRequiredComponents (15ms)
	FinalizeReload (1206ms)
		ReleaseScriptCaches (0ms)
		RebuildScriptCaches (0ms)
		SetupLoadedEditorAssemblies (921ms)
			LogAssemblyErrors (0ms)
			InitializePlatformSupportModulesInManaged (25ms)
			SetLoadedEditorAssemblies (8ms)
			BeforeProcessingInitializeOnLoad (196ms)
			ProcessInitializeOnLoadAttributes (611ms)
			ProcessInitializeOnLoadMethodAttributes (76ms)
			AfterProcessingInitializeOnLoad (6ms)
			EditorAssembliesLoaded (0ms)
		ExecutionOrderSort2 (0ms)
		AwakeInstancesAfterBackupRestoration (14ms)
Refreshing native plugins compatible for Editor in 6.68 ms, found 4 plugins.
Preloading 0 native plugins for Editor in 0.00 ms.
Unloading 0 Unused Serialized files (Serialized files now loaded: 0)
Unloading 4356 unused Assets / (131.0 KB). Loaded Objects now: 4938.
Memory consumption went from 95.6 MB to 95.5 MB.
Total: 16.569600 ms (FindLiveObjects: 1.494800 ms CreateObjectMapping: 0.507100 ms MarkObjects: 12.715600 ms  DeleteObjects: 1.849900 ms)

Prepare: number of updated asset objects reloaded= 0
========================================================================
Received Import Request.
  Time since last request: 82.605995 seconds.
  path: Assets/Prefabs/Enviroment/VerticalBarrier1_0.prefab
  artifactKey: Guid(d6e650186b1685145aa2bdea3907131c) Importer(815301076,1909f56bfc062723c751e8b465ee728b)
Start importing Assets/Prefabs/Enviroment/VerticalBarrier1_0.prefab using Guid(d6e650186b1685145aa2bdea3907131c) Importer(815301076,1909f56bfc062723c751e8b465ee728b) (PreviewImporter) -> (artifact id: '9a34aad98822cbe238f68cc1a67d3278') in 0.1309153 seconds
Number of updated asset objects reloaded before import = 0Number of asset objects unloaded after import = 22

========================================================================
Received Import Request.
  Time since last request: 0.000243 seconds.
  path: Assets/Prefabs/Enviroment/poolmat_0.prefab
  artifactKey: Guid(9a6ff90c04e58e442aa9f89dbd34978f) Importer(815301076,1909f56bfc062723c751e8b465ee728b)
Start importing Assets/Prefabs/Enviroment/poolmat_0.prefab using Guid(9a6ff90c04e58e442aa9f89dbd34978f) Importer(815301076,1909f56bfc062723c751e8b465ee728b) (PreviewImporter) -> (artifact id: '7b50686e9d39dd53a735210279d2ef9b') in 0.013229 seconds
Number of updated asset objects reloaded before import = 0Number of asset objects unloaded after import = 22

========================================================================
Received Prepare
Begin MonoManager ReloadAssembly
- Loaded All Assemblies, in  1.288 seconds
Refreshing native plugins compatible for Editor in 4.60 ms, found 4 plugins.
Native extension for Android target not found
Native extension for UWP target not found
Native extension for WindowsStandalone target not found
Mono: successfully reloaded assembly
- Finished resetting the current domain, in  1.296 seconds
Domain Reload Profiling: 2585ms
	BeginReloadAssembly (358ms)
		ExecutionOrderSort (0ms)
		DisableScriptedObjects (27ms)
		BackupInstance (0ms)
		ReleaseScriptingObjects (0ms)
		CreateAndSetChildDomain (75ms)
	RebuildCommonClasses (80ms)
	RebuildNativeTypeToScriptingClass (28ms)
	initialDomainReloadingComplete (51ms)
	LoadAllAssembliesAndSetupDomain (771ms)
		LoadAssemblies (631ms)
		RebuildTransferFunctionScriptingTraits (0ms)
		AnalyzeDomain (344ms)
			TypeCache.Refresh (10ms)
				TypeCache.ScanAssembly (0ms)
			BuildScriptInfoCaches (316ms)
			ResolveRequiredComponents (14ms)
	FinalizeReload (1297ms)
		ReleaseScriptCaches (0ms)
		RebuildScriptCaches (0ms)
		SetupLoadedEditorAssemblies (988ms)
			LogAssemblyErrors (0ms)
			InitializePlatformSupportModulesInManaged (27ms)
			SetLoadedEditorAssemblies (10ms)
			BeforeProcessingInitializeOnLoad (215ms)
			ProcessInitializeOnLoadAttributes (642ms)
			ProcessInitializeOnLoadMethodAttributes (89ms)
			AfterProcessingInitializeOnLoad (4ms)
			EditorAssembliesLoaded (0ms)
		ExecutionOrderSort2 (0ms)
		AwakeInstancesAfterBackupRestoration (17ms)
Refreshing native plugins compatible for Editor in 5.22 ms, found 4 plugins.
Preloading 0 native plugins for Editor in 0.00 ms.
Unloading 0 Unused Serialized files (Serialized files now loaded: 0)
Unloading 4356 unused Assets / (131.0 KB). Loaded Objects now: 4940.
Memory consumption went from 95.6 MB to 95.5 MB.
Total: 19.925500 ms (FindLiveObjects: 0.894100 ms CreateObjectMapping: 0.504800 ms MarkObjects: 14.351400 ms  DeleteObjects: 4.172600 ms)

Prepare: number of updated asset objects reloaded= 0
========================================================================
Received Prepare
Begin MonoManager ReloadAssembly
- Loaded All Assemblies, in  1.337 seconds
Refreshing native plugins compatible for Editor in 4.83 ms, found 4 plugins.
Native extension for Android target not found
Native extension for UWP target not found
Native extension for WindowsStandalone target not found
Mono: successfully reloaded assembly
- Finished resetting the current domain, in  1.161 seconds
Domain Reload Profiling: 2499ms
	BeginReloadAssembly (374ms)
		ExecutionOrderSort (0ms)
		DisableScriptedObjects (27ms)
		BackupInstance (0ms)
		ReleaseScriptingObjects (0ms)
		CreateAndSetChildDomain (75ms)
	RebuildCommonClasses (85ms)
	RebuildNativeTypeToScriptingClass (30ms)
	initialDomainReloadingComplete (59ms)
	LoadAllAssembliesAndSetupDomain (790ms)
		LoadAssemblies (640ms)
		RebuildTransferFunctionScriptingTraits (0ms)
		AnalyzeDomain (365ms)
			TypeCache.Refresh (11ms)
				TypeCache.ScanAssembly (0ms)
			BuildScriptInfoCaches (334ms)
			ResolveRequiredComponents (15ms)
	FinalizeReload (1161ms)
		ReleaseScriptCaches (0ms)
		RebuildScriptCaches (0ms)
		SetupLoadedEditorAssemblies (900ms)
			LogAssemblyErrors (0ms)
			InitializePlatformSupportModulesInManaged (22ms)
			SetLoadedEditorAssemblies (9ms)
			BeforeProcessingInitializeOnLoad (197ms)
			ProcessInitializeOnLoadAttributes (590ms)
			ProcessInitializeOnLoadMethodAttributes (77ms)
			AfterProcessingInitializeOnLoad (4ms)
			EditorAssembliesLoaded (0ms)
		ExecutionOrderSort2 (0ms)
		AwakeInstancesAfterBackupRestoration (14ms)
Refreshing native plugins compatible for Editor in 7.87 ms, found 4 plugins.
Preloading 0 native plugins for Editor in 0.00 ms.
Unloading 0 Unused Serialized files (Serialized files now loaded: 0)
Unloading 4356 unused Assets / (132.0 KB). Loaded Objects now: 4942.
Memory consumption went from 95.6 MB to 95.5 MB.
Total: 33.185800 ms (FindLiveObjects: 0.953400 ms CreateObjectMapping: 15.064000 ms MarkObjects: 14.972100 ms  DeleteObjects: 2.193900 ms)

Prepare: number of updated asset objects reloaded= 0
========================================================================
Received Prepare
Begin MonoManager ReloadAssembly
- Loaded All Assemblies, in  1.328 seconds
Refreshing native plugins compatible for Editor in 3.81 ms, found 4 plugins.
Native extension for Android target not found
Native extension for UWP target not found
Native extension for WindowsStandalone target not found
Mono: successfully reloaded assembly
- Finished resetting the current domain, in  1.176 seconds
Domain Reload Profiling: 2505ms
	BeginReloadAssembly (355ms)
		ExecutionOrderSort (0ms)
		DisableScriptedObjects (27ms)
		BackupInstance (0ms)
		ReleaseScriptingObjects (0ms)
		CreateAndSetChildDomain (66ms)
	RebuildCommonClasses (82ms)
	RebuildNativeTypeToScriptingClass (30ms)
	initialDomainReloadingComplete (52ms)
	LoadAllAssembliesAndSetupDomain (810ms)
		LoadAssemblies (663ms)
		RebuildTransferFunctionScriptingTraits (0ms)
		AnalyzeDomain (351ms)
			TypeCache.Refresh (12ms)
				TypeCache.ScanAssembly (0ms)
			BuildScriptInfoCaches (322ms)
			ResolveRequiredComponents (12ms)
	FinalizeReload (1176ms)
		ReleaseScriptCaches (0ms)
		RebuildScriptCaches (0ms)
		SetupLoadedEditorAssemblies (889ms)
			LogAssemblyErrors (0ms)
			InitializePlatformSupportModulesInManaged (25ms)
			SetLoadedEditorAssemblies (8ms)
			BeforeProcessingInitializeOnLoad (218ms)
			ProcessInitializeOnLoadAttributes (558ms)
			ProcessInitializeOnLoadMethodAttributes (75ms)
			AfterProcessingInitializeOnLoad (4ms)
			EditorAssembliesLoaded (0ms)
		ExecutionOrderSort2 (0ms)
		AwakeInstancesAfterBackupRestoration (15ms)
Refreshing native plugins compatible for Editor in 5.28 ms, found 4 plugins.
Preloading 0 native plugins for Editor in 0.00 ms.
Unloading 0 Unused Serialized files (Serialized files now loaded: 0)
Unloading 4356 unused Assets / (0.9 MB). Loaded Objects now: 4944.
Memory consumption went from 95.6 MB to 94.7 MB.
Total: 15.121700 ms (FindLiveObjects: 0.877900 ms CreateObjectMapping: 0.552800 ms MarkObjects: 11.474900 ms  DeleteObjects: 2.213400 ms)

Prepare: number of updated asset objects reloaded= 0
========================================================================
Received Prepare
Begin MonoManager ReloadAssembly
- Loaded All Assemblies, in  1.340 seconds
Refreshing native plugins compatible for Editor in 4.24 ms, found 4 plugins.
Native extension for Android target not found
Native extension for UWP target not found
Native extension for WindowsStandalone target not found
Mono: successfully reloaded assembly
- Finished resetting the current domain, in  1.243 seconds
Domain Reload Profiling: 2584ms
	BeginReloadAssembly (409ms)
		ExecutionOrderSort (0ms)
		DisableScriptedObjects (30ms)
		BackupInstance (0ms)
		ReleaseScriptingObjects (0ms)
		CreateAndSetChildDomain (73ms)
	RebuildCommonClasses (86ms)
	RebuildNativeTypeToScriptingClass (30ms)
	initialDomainReloadingComplete (48ms)
	LoadAllAssembliesAndSetupDomain (769ms)
		LoadAssemblies (696ms)
		RebuildTransferFunctionScriptingTraits (0ms)
		AnalyzeDomain (319ms)
			TypeCache.Refresh (10ms)
				TypeCache.ScanAssembly (0ms)
			BuildScriptInfoCaches (291ms)
			ResolveRequiredComponents (14ms)
	FinalizeReload (1243ms)
		ReleaseScriptCaches (0ms)
		RebuildScriptCaches (0ms)
		SetupLoadedEditorAssemblies (962ms)
			LogAssemblyErrors (0ms)
			InitializePlatformSupportModulesInManaged (24ms)
			SetLoadedEditorAssemblies (7ms)
			BeforeProcessingInitializeOnLoad (225ms)
			ProcessInitializeOnLoadAttributes (620ms)
			ProcessInitializeOnLoadMethodAttributes (81ms)
			AfterProcessingInitializeOnLoad (4ms)
			EditorAssembliesLoaded (0ms)
		ExecutionOrderSort2 (0ms)
		AwakeInstancesAfterBackupRestoration (15ms)
Refreshing native plugins compatible for Editor in 5.34 ms, found 4 plugins.
Preloading 0 native plugins for Editor in 0.00 ms.
Unloading 0 Unused Serialized files (Serialized files now loaded: 0)
Unloading 4356 unused Assets / (1.1 MB). Loaded Objects now: 4946.
Memory consumption went from 95.6 MB to 94.5 MB.
Total: 14.504000 ms (FindLiveObjects: 1.262500 ms CreateObjectMapping: 0.738400 ms MarkObjects: 9.974600 ms  DeleteObjects: 2.526300 ms)

Prepare: number of updated asset objects reloaded= 0
========================================================================
Received Prepare
Begin MonoManager ReloadAssembly
- Loaded All Assemblies, in  1.332 seconds
Refreshing native plugins compatible for Editor in 4.60 ms, found 4 plugins.
Native extension for Android target not found
Native extension for UWP target not found
Native extension for WindowsStandalone target not found
Mono: successfully reloaded assembly
- Finished resetting the current domain, in  1.280 seconds
Domain Reload Profiling: 2611ms
	BeginReloadAssembly (371ms)
		ExecutionOrderSort (0ms)
		DisableScriptedObjects (38ms)
		BackupInstance (0ms)
		ReleaseScriptingObjects (0ms)
		CreateAndSetChildDomain (67ms)
	RebuildCommonClasses (83ms)
	RebuildNativeTypeToScriptingClass (33ms)
	initialDomainReloadingComplete (52ms)
	LoadAllAssembliesAndSetupDomain (792ms)
		LoadAssemblies (686ms)
		RebuildTransferFunctionScriptingTraits (0ms)
		AnalyzeDomain (316ms)
			TypeCache.Refresh (9ms)
				TypeCache.ScanAssembly (0ms)
			BuildScriptInfoCaches (286ms)
			ResolveRequiredComponents (15ms)
	FinalizeReload (1281ms)
		ReleaseScriptCaches (0ms)
		RebuildScriptCaches (0ms)
		SetupLoadedEditorAssemblies (985ms)
			LogAssemblyErrors (0ms)
			InitializePlatformSupportModulesInManaged (33ms)
			SetLoadedEditorAssemblies (11ms)
			BeforeProcessingInitializeOnLoad (212ms)
			ProcessInitializeOnLoadAttributes (642ms)
			ProcessInitializeOnLoadMethodAttributes (82ms)
			AfterProcessingInitializeOnLoad (5ms)
			EditorAssembliesLoaded (0ms)
		ExecutionOrderSort2 (0ms)
		AwakeInstancesAfterBackupRestoration (14ms)
Refreshing native plugins compatible for Editor in 6.14 ms, found 4 plugins.
Preloading 0 native plugins for Editor in 0.00 ms.
Unloading 0 Unused Serialized files (Serialized files now loaded: 0)
Unloading 4356 unused Assets / (1.0 MB). Loaded Objects now: 4948.
Memory consumption went from 95.6 MB to 94.6 MB.
Total: 12.879500 ms (FindLiveObjects: 0.885300 ms CreateObjectMapping: 0.517800 ms MarkObjects: 8.926700 ms  DeleteObjects: 2.547200 ms)

Prepare: number of updated asset objects reloaded= 0
========================================================================
Received Import Request.
  Time since last request: 272.499128 seconds.
  path: Assets/Sprites/UI/1-up_icon.png
  artifactKey: Guid(c2190c80dec09844280ba03bca8ef1a2) Importer(815301076,1909f56bfc062723c751e8b465ee728b)
Start importing Assets/Sprites/UI/1-up_icon.png using Guid(c2190c80dec09844280ba03bca8ef1a2) Importer(815301076,1909f56bfc062723c751e8b465ee728b) (PreviewImporter) -> (artifact id: '4b81451522120faf694e2037ef6a9804') in 0.1456379 seconds
Number of updated asset objects reloaded before import = 0Number of asset objects unloaded after import = 3

========================================================================
Received Import Request.
  Time since last request: 0.000345 seconds.
  path: Assets/Sprites/UI/CloseButton.png
  artifactKey: Guid(8c3cbb3aa05317b4aac9200de3b15381) Importer(815301076,1909f56bfc062723c751e8b465ee728b)
Start importing Assets/Sprites/UI/CloseButton.png using Guid(8c3cbb3aa05317b4aac9200de3b15381) Importer(815301076,1909f56bfc062723c751e8b465ee728b) (PreviewImporter) -> (artifact id: '96872f64403fbf5da8a988cee8583d14') in 0.0132307 seconds
Number of updated asset objects reloaded before import = 0Number of asset objects unloaded after import = 3

========================================================================
Received Import Request.
  Time since last request: 0.911072 seconds.
  path: Assets/Sprites/Water/WaterCut.png
  artifactKey: Guid(fb6664276bc9b9d4da3187ce50d358a0) Importer(815301076,1909f56bfc062723c751e8b465ee728b)
Start importing Assets/Sprites/Water/WaterCut.png using Guid(fb6664276bc9b9d4da3187ce50d358a0) Importer(815301076,1909f56bfc062723c751e8b465ee728b) (PreviewImporter) -> (artifact id: '69fa651539048cd471948bb7ff7b8fb3') in 0.1891132 seconds
Number of updated asset objects reloaded before import = 0Number of asset objects unloaded after import = 65

========================================================================
Received Prepare
Begin MonoManager ReloadAssembly
- Loaded All Assemblies, in  1.378 seconds
Refreshing native plugins compatible for Editor in 4.43 ms, found 4 plugins.
Native extension for Android target not found
Native extension for UWP target not found
Native extension for WindowsStandalone target not found
Mono: successfully reloaded assembly
- Finished resetting the current domain, in  1.237 seconds
Domain Reload Profiling: 2616ms
	BeginReloadAssembly (391ms)
		ExecutionOrderSort (0ms)
		DisableScriptedObjects (29ms)
		BackupInstance (0ms)
		ReleaseScriptingObjects (0ms)
		CreateAndSetChildDomain (71ms)
	RebuildCommonClasses (97ms)
	RebuildNativeTypeToScriptingClass (38ms)
	initialDomainReloadingComplete (57ms)
	LoadAllAssembliesAndSetupDomain (795ms)
		LoadAssemblies (670ms)
		RebuildTransferFunctionScriptingTraits (0ms)
		AnalyzeDomain (354ms)
			TypeCache.Refresh (9ms)
				TypeCache.ScanAssembly (0ms)
			BuildScriptInfoCaches (323ms)
			ResolveRequiredComponents (16ms)
	FinalizeReload (1238ms)
		ReleaseScriptCaches (0ms)
		RebuildScriptCaches (0ms)
		SetupLoadedEditorAssemblies (943ms)
			LogAssemblyErrors (0ms)
			InitializePlatformSupportModulesInManaged (24ms)
			SetLoadedEditorAssemblies (9ms)
			BeforeProcessingInitializeOnLoad (212ms)
			ProcessInitializeOnLoadAttributes (603ms)
			ProcessInitializeOnLoadMethodAttributes (89ms)
			AfterProcessingInitializeOnLoad (5ms)
			EditorAssembliesLoaded (1ms)
		ExecutionOrderSort2 (0ms)
		AwakeInstancesAfterBackupRestoration (18ms)
Refreshing native plugins compatible for Editor in 4.97 ms, found 4 plugins.
Preloading 0 native plugins for Editor in 0.00 ms.
Unloading 0 Unused Serialized files (Serialized files now loaded: 0)
Unloading 4356 unused Assets / (1.1 MB). Loaded Objects now: 4956.
Memory consumption went from 95.7 MB to 94.6 MB.
Total: 22.912100 ms (FindLiveObjects: 4.503800 ms CreateObjectMapping: 1.621800 ms MarkObjects: 14.509500 ms  DeleteObjects: 2.274500 ms)

Prepare: number of updated asset objects reloaded= 0
========================================================================
Received Prepare
Begin MonoManager ReloadAssembly
- Loaded All Assemblies, in  1.392 seconds
Refreshing native plugins compatible for Editor in 4.44 ms, found 4 plugins.
Native extension for Android target not found
Native extension for UWP target not found
Native extension for WindowsStandalone target not found
Mono: successfully reloaded assembly
- Finished resetting the current domain, in  1.250 seconds
Domain Reload Profiling: 2643ms
	BeginReloadAssembly (421ms)
		ExecutionOrderSort (0ms)
		DisableScriptedObjects (33ms)
		BackupInstance (0ms)
		ReleaseScriptingObjects (0ms)
		CreateAndSetChildDomain (74ms)
	RebuildCommonClasses (96ms)
	RebuildNativeTypeToScriptingClass (36ms)
	initialDomainReloadingComplete (57ms)
	LoadAllAssembliesAndSetupDomain (782ms)
		LoadAssemblies (701ms)
		RebuildTransferFunctionScriptingTraits (0ms)
		AnalyzeDomain (334ms)
			TypeCache.Refresh (12ms)
				TypeCache.ScanAssembly (0ms)
			BuildScriptInfoCaches (307ms)
			ResolveRequiredComponents (11ms)
	FinalizeReload (1251ms)
		ReleaseScriptCaches (0ms)
		RebuildScriptCaches (0ms)
		SetupLoadedEditorAssemblies (950ms)
			LogAssemblyErrors (0ms)
			InitializePlatformSupportModulesInManaged (24ms)
			SetLoadedEditorAssemblies (10ms)
			BeforeProcessingInitializeOnLoad (203ms)
			ProcessInitializeOnLoadAttributes (622ms)
			ProcessInitializeOnLoadMethodAttributes (87ms)
			AfterProcessingInitializeOnLoad (5ms)
			EditorAssembliesLoaded (0ms)
		ExecutionOrderSort2 (0ms)
		AwakeInstancesAfterBackupRestoration (18ms)
Refreshing native plugins compatible for Editor in 5.42 ms, found 4 plugins.
Preloading 0 native plugins for Editor in 0.00 ms.
Unloading 0 Unused Serialized files (Serialized files now loaded: 0)
Unloading 4356 unused Assets / (0.7 MB). Loaded Objects now: 4958.
Memory consumption went from 95.7 MB to 95.0 MB.
Total: 18.019000 ms (FindLiveObjects: 1.749100 ms CreateObjectMapping: 0.617000 ms MarkObjects: 13.700500 ms  DeleteObjects: 1.950200 ms)

Prepare: number of updated asset objects reloaded= 0
========================================================================
Received Import Request.
  Time since last request: 464.368280 seconds.
  path: Assets/Tiles
  artifactKey: Guid(84ccc100aa3238f4e83a75e51efb3778) Importer(815301076,1909f56bfc062723c751e8b465ee728b)
Start importing Assets/Tiles using Guid(84ccc100aa3238f4e83a75e51efb3778) Importer(815301076,1909f56bfc062723c751e8b465ee728b) (PreviewImporter) -> (artifact id: '3164caf034550ece814f3426301ef334') in 0.0050742 seconds
Number of updated asset objects reloaded before import = 0Number of asset objects unloaded after import = 0

========================================================================
Received Prepare
Refreshing native plugins compatible for Editor in 5.08 ms, found 4 plugins.
Preloading 0 native plugins for Editor in 0.00 ms.
Unloading 0 Unused Serialized files (Serialized files now loaded: 0)
Unloading 4346 unused Assets / (131.0 KB). Loaded Objects now: 4958.
Memory consumption went from 95.8 MB to 95.7 MB.
Total: 15.686100 ms (FindLiveObjects: 1.013500 ms CreateObjectMapping: 0.512600 ms MarkObjects: 12.173700 ms  DeleteObjects: 1.983600 ms)

Prepare: number of updated asset objects reloaded= 0
========================================================================
Received Prepare
Refreshing native plugins compatible for Editor in 5.84 ms, found 4 plugins.
Preloading 0 native plugins for Editor in 0.00 ms.
Unloading 0 Unused Serialized files (Serialized files now loaded: 0)
Unloading 4346 unused Assets / (1.3 MB). Loaded Objects now: 4958.
Memory consumption went from 95.8 MB to 94.5 MB.
Total: 14.987700 ms (FindLiveObjects: 1.072800 ms CreateObjectMapping: 0.735500 ms MarkObjects: 10.166800 ms  DeleteObjects: 3.009500 ms)

Prepare: number of updated asset objects reloaded= 0
========================================================================
Received Prepare
Begin MonoManager ReloadAssembly
- Loaded All Assemblies, in  1.329 seconds
Refreshing native plugins compatible for Editor in 4.05 ms, found 4 plugins.
Native extension for Android target not found
Native extension for UWP target not found
Native extension for WindowsStandalone target not found
Mono: successfully reloaded assembly
- Finished resetting the current domain, in  1.163 seconds
Domain Reload Profiling: 2493ms
	BeginReloadAssembly (374ms)
		ExecutionOrderSort (0ms)
		DisableScriptedObjects (34ms)
		BackupInstance (0ms)
		ReleaseScriptingObjects (0ms)
		CreateAndSetChildDomain (71ms)
	RebuildCommonClasses (79ms)
	RebuildNativeTypeToScriptingClass (32ms)
	initialDomainReloadingComplete (53ms)
	LoadAllAssembliesAndSetupDomain (791ms)
		LoadAssemblies (653ms)
		RebuildTransferFunctionScriptingTraits (0ms)
		AnalyzeDomain (347ms)
			TypeCache.Refresh (10ms)
				TypeCache.ScanAssembly (0ms)
			BuildScriptInfoCaches (317ms)
			ResolveRequiredComponents (15ms)
	FinalizeReload (1164ms)
		ReleaseScriptCaches (0ms)
		RebuildScriptCaches (0ms)
		SetupLoadedEditorAssemblies (900ms)
			LogAssemblyErrors (0ms)
			InitializePlatformSupportModulesInManaged (24ms)
			SetLoadedEditorAssemblies (8ms)
			BeforeProcessingInitializeOnLoad (201ms)
			ProcessInitializeOnLoadAttributes (577ms)
			ProcessInitializeOnLoadMethodAttributes (86ms)
			AfterProcessingInitializeOnLoad (4ms)
			EditorAssembliesLoaded (0ms)
		ExecutionOrderSort2 (0ms)
		AwakeInstancesAfterBackupRestoration (14ms)
Refreshing native plugins compatible for Editor in 5.65 ms, found 4 plugins.
Preloading 0 native plugins for Editor in 0.00 ms.
Unloading 0 Unused Serialized files (Serialized files now loaded: 0)
Unloading 4356 unused Assets / (1.2 MB). Loaded Objects now: 4960.
Memory consumption went from 95.7 MB to 94.5 MB.
Total: 13.499600 ms (FindLiveObjects: 0.971200 ms CreateObjectMapping: 0.538200 ms MarkObjects: 9.715900 ms  DeleteObjects: 2.272200 ms)

Prepare: number of updated asset objects reloaded= 0
========================================================================
Received Prepare
Begin MonoManager ReloadAssembly
- Loaded All Assemblies, in  1.245 seconds
Refreshing native plugins compatible for Editor in 3.96 ms, found 4 plugins.
Native extension for Android target not found
Native extension for UWP target not found
Native extension for WindowsStandalone target not found
Mono: successfully reloaded assembly
- Finished resetting the current domain, in  1.249 seconds
Domain Reload Profiling: 2495ms
	BeginReloadAssembly (374ms)
		ExecutionOrderSort (0ms)
		DisableScriptedObjects (32ms)
		BackupInstance (0ms)
		ReleaseScriptingObjects (0ms)
		CreateAndSetChildDomain (69ms)
	RebuildCommonClasses (84ms)
	RebuildNativeTypeToScriptingClass (36ms)
	initialDomainReloadingComplete (57ms)
	LoadAllAssembliesAndSetupDomain (693ms)
		LoadAssemblies (619ms)
		RebuildTransferFunctionScriptingTraits (0ms)
		AnalyzeDomain (295ms)
			TypeCache.Refresh (15ms)
				TypeCache.ScanAssembly (2ms)
			BuildScriptInfoCaches (264ms)
			ResolveRequiredComponents (11ms)
	FinalizeReload (1250ms)
		ReleaseScriptCaches (0ms)
		RebuildScriptCaches (0ms)
		SetupLoadedEditorAssemblies (971ms)
			LogAssemblyErrors (0ms)
			InitializePlatformSupportModulesInManaged (23ms)
			SetLoadedEditorAssemblies (8ms)
			BeforeProcessingInitializeOnLoad (217ms)
			ProcessInitializeOnLoadAttributes (632ms)
			ProcessInitializeOnLoadMethodAttributes (87ms)
			AfterProcessingInitializeOnLoad (4ms)
			EditorAssembliesLoaded (0ms)
		ExecutionOrderSort2 (0ms)
		AwakeInstancesAfterBackupRestoration (14ms)
Refreshing native plugins compatible for Editor in 5.49 ms, found 4 plugins.
Preloading 0 native plugins for Editor in 0.00 ms.
Unloading 0 Unused Serialized files (Serialized files now loaded: 0)
Unloading 4356 unused Assets / (131.0 KB). Loaded Objects now: 4962.
Memory consumption went from 95.7 MB to 95.6 MB.
Total: 19.847200 ms (FindLiveObjects: 1.031400 ms CreateObjectMapping: 0.525700 ms MarkObjects: 12.173300 ms  DeleteObjects: 6.114700 ms)

Prepare: number of updated asset objects reloaded= 0
========================================================================
Received Prepare
Begin MonoManager ReloadAssembly
- Loaded All Assemblies, in  1.374 seconds
Refreshing native plugins compatible for Editor in 4.77 ms, found 4 plugins.
Native extension for Android target not found
Native extension for UWP target not found
Native extension for WindowsStandalone target not found
Mono: successfully reloaded assembly
- Finished resetting the current domain, in  1.275 seconds
Domain Reload Profiling: 2651ms
	BeginReloadAssembly (402ms)
		ExecutionOrderSort (0ms)
		DisableScriptedObjects (36ms)
		BackupInstance (0ms)
		ReleaseScriptingObjects (0ms)
		CreateAndSetChildDomain (78ms)
	RebuildCommonClasses (87ms)
	RebuildNativeTypeToScriptingClass (34ms)
	initialDomainReloadingComplete (55ms)
	LoadAllAssembliesAndSetupDomain (798ms)
		LoadAssemblies (679ms)
		RebuildTransferFunctionScriptingTraits (0ms)
		AnalyzeDomain (342ms)
			TypeCache.Refresh (10ms)
				TypeCache.ScanAssembly (0ms)
			BuildScriptInfoCaches (315ms)
			ResolveRequiredComponents (12ms)
	FinalizeReload (1276ms)
		ReleaseScriptCaches (0ms)
		RebuildScriptCaches (0ms)
		SetupLoadedEditorAssemblies (975ms)
			LogAssemblyErrors (0ms)
			InitializePlatformSupportModulesInManaged (26ms)
			SetLoadedEditorAssemblies (8ms)
			BeforeProcessingInitializeOnLoad (215ms)
			ProcessInitializeOnLoadAttributes (630ms)
			ProcessInitializeOnLoadMethodAttributes (90ms)
			AfterProcessingInitializeOnLoad (5ms)
			EditorAssembliesLoaded (0ms)
		ExecutionOrderSort2 (0ms)
		AwakeInstancesAfterBackupRestoration (18ms)
Refreshing native plugins compatible for Editor in 8.47 ms, found 4 plugins.
Preloading 0 native plugins for Editor in 0.00 ms.
Unloading 0 Unused Serialized files (Serialized files now loaded: 0)
Unloading 4356 unused Assets / (502.0 KB). Loaded Objects now: 4964.
Memory consumption went from 95.7 MB to 95.2 MB.
Total: 15.304200 ms (FindLiveObjects: 1.886000 ms CreateObjectMapping: 0.633200 ms MarkObjects: 10.840000 ms  DeleteObjects: 1.942900 ms)

Prepare: number of updated asset objects reloaded= 0
========================================================================
Received Prepare
Begin MonoManager ReloadAssembly
- Loaded All Assemblies, in  1.322 seconds
Refreshing native plugins compatible for Editor in 4.67 ms, found 4 plugins.
Native extension for Android target not found
Native extension for UWP target not found
Native extension for WindowsStandalone target not found
Mono: successfully reloaded assembly
- Finished resetting the current domain, in  1.232 seconds
Domain Reload Profiling: 2554ms
	BeginReloadAssembly (355ms)
		ExecutionOrderSort (0ms)
		DisableScriptedObjects (28ms)
		BackupInstance (0ms)
		ReleaseScriptingObjects (0ms)
		CreateAndSetChildDomain (63ms)
	RebuildCommonClasses (90ms)
	RebuildNativeTypeToScriptingClass (29ms)
	initialDomainReloadingComplete (58ms)
	LoadAllAssembliesAndSetupDomain (789ms)
		LoadAssemblies (667ms)
		RebuildTransferFunctionScriptingTraits (0ms)
		AnalyzeDomain (334ms)
			TypeCache.Refresh (16ms)
				TypeCache.ScanAssembly (2ms)
			BuildScriptInfoCaches (299ms)
			ResolveRequiredComponents (14ms)
	FinalizeReload (1232ms)
		ReleaseScriptCaches (0ms)
		RebuildScriptCaches (0ms)
		SetupLoadedEditorAssemblies (941ms)
			LogAssemblyErrors (0ms)
			InitializePlatformSupportModulesInManaged (27ms)
			SetLoadedEditorAssemblies (10ms)
			BeforeProcessingInitializeOnLoad (229ms)
			ProcessInitializeOnLoadAttributes (582ms)
			ProcessInitializeOnLoadMethodAttributes (88ms)
			AfterProcessingInitializeOnLoad (5ms)
			EditorAssembliesLoaded (0ms)
		ExecutionOrderSort2 (0ms)
		AwakeInstancesAfterBackupRestoration (16ms)
Refreshing native plugins compatible for Editor in 5.20 ms, found 4 plugins.
Preloading 0 native plugins for Editor in 0.00 ms.
Unloading 0 Unused Serialized files (Serialized files now loaded: 0)
Unloading 4356 unused Assets / (1.0 MB). Loaded Objects now: 4966.
Memory consumption went from 95.7 MB to 94.7 MB.
Total: 13.252000 ms (FindLiveObjects: 0.896900 ms CreateObjectMapping: 0.516900 ms MarkObjects: 9.641800 ms  DeleteObjects: 2.193800 ms)

Prepare: number of updated asset objects reloaded= 0
========================================================================
Received Prepare
Begin MonoManager ReloadAssembly
- Loaded All Assemblies, in  1.304 seconds
Refreshing native plugins compatible for Editor in 4.82 ms, found 4 plugins.
Native extension for Android target not found
Native extension for UWP target not found
Native extension for WindowsStandalone target not found
Mono: successfully reloaded assembly
- Finished resetting the current domain, in  1.246 seconds
Domain Reload Profiling: 2549ms
	BeginReloadAssembly (393ms)
		ExecutionOrderSort (0ms)
		DisableScriptedObjects (30ms)
		BackupInstance (0ms)
		ReleaseScriptingObjects (0ms)
		CreateAndSetChildDomain (69ms)
	RebuildCommonClasses (86ms)
	RebuildNativeTypeToScriptingClass (28ms)
	initialDomainReloadingComplete (59ms)
	LoadAllAssembliesAndSetupDomain (737ms)
		LoadAssemblies (664ms)
		RebuildTransferFunctionScriptingTraits (0ms)
		AnalyzeDomain (310ms)
			TypeCache.Refresh (10ms)
				TypeCache.ScanAssembly (0ms)
			BuildScriptInfoCaches (281ms)
			ResolveRequiredComponents (15ms)
	FinalizeReload (1247ms)
		ReleaseScriptCaches (0ms)
		RebuildScriptCaches (0ms)
		SetupLoadedEditorAssemblies (963ms)
			LogAssemblyErrors (0ms)
			InitializePlatformSupportModulesInManaged (26ms)
			SetLoadedEditorAssemblies (10ms)
			BeforeProcessingInitializeOnLoad (240ms)
			ProcessInitializeOnLoadAttributes (602ms)
			ProcessInitializeOnLoadMethodAttributes (80ms)
			AfterProcessingInitializeOnLoad (4ms)
			EditorAssembliesLoaded (0ms)
		ExecutionOrderSort2 (0ms)
		AwakeInstancesAfterBackupRestoration (14ms)
Refreshing native plugins compatible for Editor in 6.06 ms, found 4 plugins.
Preloading 0 native plugins for Editor in 0.00 ms.
Unloading 0 Unused Serialized files (Serialized files now loaded: 0)
Unloading 4356 unused Assets / (343.4 KB). Loaded Objects now: 4968.
Memory consumption went from 95.7 MB to 95.4 MB.
Total: 14.501100 ms (FindLiveObjects: 0.880800 ms CreateObjectMapping: 0.491300 ms MarkObjects: 10.199300 ms  DeleteObjects: 2.927300 ms)

Prepare: number of updated asset objects reloaded= 0
========================================================================
Received Prepare
Begin MonoManager ReloadAssembly
- Loaded All Assemblies, in  1.393 seconds
Refreshing native plugins compatible for Editor in 4.44 ms, found 4 plugins.
Native extension for Android target not found
Native extension for UWP target not found
Native extension for WindowsStandalone target not found
Mono: successfully reloaded assembly
- Finished resetting the current domain, in  1.214 seconds
Domain Reload Profiling: 2606ms
	BeginReloadAssembly (344ms)
		ExecutionOrderSort (0ms)
		DisableScriptedObjects (25ms)
		BackupInstance (0ms)
		ReleaseScriptingObjects (0ms)
		CreateAndSetChildDomain (59ms)
	RebuildCommonClasses (90ms)
	RebuildNativeTypeToScriptingClass (47ms)
	initialDomainReloadingComplete (71ms)
	LoadAllAssembliesAndSetupDomain (839ms)
		LoadAssemblies (724ms)
		RebuildTransferFunctionScriptingTraits (0ms)
		AnalyzeDomain (325ms)
			TypeCache.Refresh (9ms)
				TypeCache.ScanAssembly (0ms)
			BuildScriptInfoCaches (300ms)
			ResolveRequiredComponents (11ms)
	FinalizeReload (1215ms)
		ReleaseScriptCaches (0ms)
		RebuildScriptCaches (0ms)
		SetupLoadedEditorAssemblies (925ms)
			LogAssemblyErrors (0ms)
			InitializePlatformSupportModulesInManaged (23ms)
			SetLoadedEditorAssemblies (10ms)
			BeforeProcessingInitializeOnLoad (187ms)
			ProcessInitializeOnLoadAttributes (613ms)
			ProcessInitializeOnLoadMethodAttributes (88ms)
			AfterProcessingInitializeOnLoad (5ms)
			EditorAssembliesLoaded (0ms)
		ExecutionOrderSort2 (0ms)
		AwakeInstancesAfterBackupRestoration (17ms)
Refreshing native plugins compatible for Editor in 5.64 ms, found 4 plugins.
Preloading 0 native plugins for Editor in 0.00 ms.
Unloading 0 Unused Serialized files (Serialized files now loaded: 0)
Unloading 4356 unused Assets / (0.9 MB). Loaded Objects now: 4970.
Memory consumption went from 95.7 MB to 94.8 MB.
Total: 15.674700 ms (FindLiveObjects: 0.902000 ms CreateObjectMapping: 0.500300 ms MarkObjects: 11.924100 ms  DeleteObjects: 2.345700 ms)

Prepare: number of updated asset objects reloaded= 0
========================================================================
Received Prepare
Begin MonoManager ReloadAssembly
- Loaded All Assemblies, in  1.291 seconds
Refreshing native plugins compatible for Editor in 4.87 ms, found 4 plugins.
Native extension for Android target not found
Native extension for UWP target not found
Native extension for WindowsStandalone target not found
Mono: successfully reloaded assembly
- Finished resetting the current domain, in  1.264 seconds
Domain Reload Profiling: 2557ms
	BeginReloadAssembly (381ms)
		ExecutionOrderSort (0ms)
		DisableScriptedObjects (34ms)
		BackupInstance (0ms)
		ReleaseScriptingObjects (0ms)
		CreateAndSetChildDomain (70ms)
	RebuildCommonClasses (86ms)
	RebuildNativeTypeToScriptingClass (33ms)
	initialDomainReloadingComplete (49ms)
	LoadAllAssembliesAndSetupDomain (744ms)
		LoadAssemblies (621ms)
		RebuildTransferFunctionScriptingTraits (0ms)
		AnalyzeDomain (341ms)
			TypeCache.Refresh (11ms)
				TypeCache.ScanAssembly (0ms)
			BuildScriptInfoCaches (312ms)
			ResolveRequiredComponents (13ms)
	FinalizeReload (1265ms)
		ReleaseScriptCaches (0ms)
		RebuildScriptCaches (0ms)
		SetupLoadedEditorAssemblies (950ms)
			LogAssemblyErrors (0ms)
			InitializePlatformSupportModulesInManaged (24ms)
			SetLoadedEditorAssemblies (10ms)
			BeforeProcessingInitializeOnLoad (210ms)
			ProcessInitializeOnLoadAttributes (610ms)
			ProcessInitializeOnLoadMethodAttributes (88ms)
			AfterProcessingInitializeOnLoad (7ms)
			EditorAssembliesLoaded (0ms)
		ExecutionOrderSort2 (0ms)
		AwakeInstancesAfterBackupRestoration (17ms)
Refreshing native plugins compatible for Editor in 7.06 ms, found 4 plugins.
Preloading 0 native plugins for Editor in 0.00 ms.
Unloading 0 Unused Serialized files (Serialized files now loaded: 0)
Unloading 4356 unused Assets / (503.2 KB). Loaded Objects now: 4972.
Memory consumption went from 95.7 MB to 95.2 MB.
Total: 15.472500 ms (FindLiveObjects: 0.931000 ms CreateObjectMapping: 0.508500 ms MarkObjects: 9.550400 ms  DeleteObjects: 4.480300 ms)

Prepare: number of updated asset objects reloaded= 0
========================================================================
Received Prepare
Begin MonoManager ReloadAssembly
- Loaded All Assemblies, in  1.283 seconds
Refreshing native plugins compatible for Editor in 3.64 ms, found 4 plugins.
Native extension for Android target not found
Native extension for UWP target not found
Native extension for WindowsStandalone target not found
Mono: successfully reloaded assembly
- Finished resetting the current domain, in  1.218 seconds
Domain Reload Profiling: 2502ms
	BeginReloadAssembly (349ms)
		ExecutionOrderSort (0ms)
		DisableScriptedObjects (29ms)
		BackupInstance (0ms)
		ReleaseScriptingObjects (0ms)
		CreateAndSetChildDomain (63ms)
	RebuildCommonClasses (81ms)
	RebuildNativeTypeToScriptingClass (28ms)
	initialDomainReloadingComplete (55ms)
	LoadAllAssembliesAndSetupDomain (771ms)
		LoadAssemblies (649ms)
		RebuildTransferFunctionScriptingTraits (0ms)
		AnalyzeDomain (325ms)
			TypeCache.Refresh (11ms)
				TypeCache.ScanAssembly (0ms)
			BuildScriptInfoCaches (295ms)
			ResolveRequiredComponents (13ms)
	FinalizeReload (1219ms)
		ReleaseScriptCaches (0ms)
		RebuildScriptCaches (0ms)
		SetupLoadedEditorAssemblies (940ms)
			LogAssemblyErrors (0ms)
			InitializePlatformSupportModulesInManaged (24ms)
			SetLoadedEditorAssemblies (8ms)
			BeforeProcessingInitializeOnLoad (219ms)
			ProcessInitializeOnLoadAttributes (601ms)
			ProcessInitializeOnLoadMethodAttributes (83ms)
			AfterProcessingInitializeOnLoad (5ms)
			EditorAssembliesLoaded (0ms)
		ExecutionOrderSort2 (0ms)
		AwakeInstancesAfterBackupRestoration (15ms)
Refreshing native plugins compatible for Editor in 5.34 ms, found 4 plugins.
Preloading 0 native plugins for Editor in 0.00 ms.
Unloading 0 Unused Serialized files (Serialized files now loaded: 0)
Unloading 4356 unused Assets / (320.8 KB). Loaded Objects now: 4974.
Memory consumption went from 95.7 MB to 95.4 MB.
Total: 15.175400 ms (FindLiveObjects: 0.933700 ms CreateObjectMapping: 0.560800 ms MarkObjects: 11.186000 ms  DeleteObjects: 2.492500 ms)

Prepare: number of updated asset objects reloaded= 0
========================================================================
Received Prepare
Begin MonoManager ReloadAssembly
- Loaded All Assemblies, in  1.300 seconds
Refreshing native plugins compatible for Editor in 5.39 ms, found 4 plugins.
Native extension for Android target not found
Native extension for UWP target not found
Native extension for WindowsStandalone target not found
Mono: successfully reloaded assembly
- Finished resetting the current domain, in  1.214 seconds
Domain Reload Profiling: 2516ms
	BeginReloadAssembly (394ms)
		ExecutionOrderSort (0ms)
		DisableScriptedObjects (36ms)
		BackupInstance (0ms)
		ReleaseScriptingObjects (0ms)
		CreateAndSetChildDomain (81ms)
	RebuildCommonClasses (75ms)
	RebuildNativeTypeToScriptingClass (36ms)
	initialDomainReloadingComplete (52ms)
	LoadAllAssembliesAndSetupDomain (745ms)
		LoadAssemblies (644ms)
		RebuildTransferFunctionScriptingTraits (0ms)
		AnalyzeDomain (319ms)
			TypeCache.Refresh (9ms)
				TypeCache.ScanAssembly (0ms)
			BuildScriptInfoCaches (292ms)
			ResolveRequiredComponents (13ms)
	FinalizeReload (1215ms)
		ReleaseScriptCaches (0ms)
		RebuildScriptCaches (0ms)
		SetupLoadedEditorAssemblies (921ms)
			LogAssemblyErrors (0ms)
			InitializePlatformSupportModulesInManaged (24ms)
			SetLoadedEditorAssemblies (10ms)
			BeforeProcessingInitializeOnLoad (186ms)
			ProcessInitializeOnLoadAttributes (614ms)
			ProcessInitializeOnLoadMethodAttributes (81ms)
			AfterProcessingInitializeOnLoad (5ms)
			EditorAssembliesLoaded (1ms)
		ExecutionOrderSort2 (0ms)
		AwakeInstancesAfterBackupRestoration (20ms)
Refreshing native plugins compatible for Editor in 7.22 ms, found 4 plugins.
Preloading 0 native plugins for Editor in 0.00 ms.
Unloading 0 Unused Serialized files (Serialized files now loaded: 0)
Unloading 4356 unused Assets / (132.0 KB). Loaded Objects now: 4976.
Memory consumption went from 95.7 MB to 95.6 MB.
Total: 47.178400 ms (FindLiveObjects: 1.149300 ms CreateObjectMapping: 0.550800 ms MarkObjects: 28.260700 ms  DeleteObjects: 17.214700 ms)

Prepare: number of updated asset objects reloaded= 0
========================================================================
Received Import Request.
  Time since last request: 608.662939 seconds.
  path: Assets/Scenes/WFC.unity
  artifactKey: Guid(170c9fd1aa738af47bf92f88800884f5) Importer(815301076,1909f56bfc062723c751e8b465ee728b)
Start importing Assets/Scenes/WFC.unity using Guid(170c9fd1aa738af47bf92f88800884f5) Importer(815301076,1909f56bfc062723c751e8b465ee728b) (PreviewImporter) -> (artifact id: '476cdb84f4455d6e78747441b1ff2f3b') in 0.0122136 seconds
Number of updated asset objects reloaded before import = 0Number of asset objects unloaded after import = 0

========================================================================
Received Prepare
Begin MonoManager ReloadAssembly
- Loaded All Assemblies, in  1.248 seconds
Refreshing native plugins compatible for Editor in 4.32 ms, found 4 plugins.
Native extension for Android target not found
Native extension for UWP target not found
Native extension for WindowsStandalone target not found
Mono: successfully reloaded assembly
- Finished resetting the current domain, in  1.204 seconds
Domain Reload Profiling: 2453ms
	BeginReloadAssembly (357ms)
		ExecutionOrderSort (0ms)
		DisableScriptedObjects (27ms)
		BackupInstance (0ms)
		ReleaseScriptingObjects (0ms)
		CreateAndSetChildDomain (84ms)
	RebuildCommonClasses (66ms)
	RebuildNativeTypeToScriptingClass (25ms)
	initialDomainReloadingComplete (44ms)
	LoadAllAssembliesAndSetupDomain (755ms)
		LoadAssemblies (614ms)
		RebuildTransferFunctionScriptingTraits (0ms)
		AnalyzeDomain (329ms)
			TypeCache.Refresh (9ms)
				TypeCache.ScanAssembly (0ms)
			BuildScriptInfoCaches (300ms)
			ResolveRequiredComponents (15ms)
	FinalizeReload (1205ms)
		ReleaseScriptCaches (0ms)
		RebuildScriptCaches (0ms)
		SetupLoadedEditorAssemblies (918ms)
			LogAssemblyErrors (0ms)
			InitializePlatformSupportModulesInManaged (21ms)
			SetLoadedEditorAssemblies (10ms)
			BeforeProcessingInitializeOnLoad (197ms)
			ProcessInitializeOnLoadAttributes (607ms)
			ProcessInitializeOnLoadMethodAttributes (80ms)
			AfterProcessingInitializeOnLoad (4ms)
			EditorAssembliesLoaded (0ms)
		ExecutionOrderSort2 (0ms)
		AwakeInstancesAfterBackupRestoration (16ms)
Refreshing native plugins compatible for Editor in 5.38 ms, found 4 plugins.
Preloading 0 native plugins for Editor in 0.00 ms.
Unloading 0 Unused Serialized files (Serialized files now loaded: 0)
Unloading 4356 unused Assets / (1.1 MB). Loaded Objects now: 4978.
Memory consumption went from 95.7 MB to 94.6 MB.
Total: 13.696400 ms (FindLiveObjects: 0.904200 ms CreateObjectMapping: 0.542700 ms MarkObjects: 10.140400 ms  DeleteObjects: 2.106700 ms)

Prepare: number of updated asset objects reloaded= 0
========================================================================
Received Prepare
Begin MonoManager ReloadAssembly
- Loaded All Assemblies, in  1.331 seconds
Refreshing native plugins compatible for Editor in 5.30 ms, found 4 plugins.
Native extension for Android target not found
Native extension for UWP target not found
Native extension for WindowsStandalone target not found
Mono: successfully reloaded assembly
- Finished resetting the current domain, in  1.276 seconds
Domain Reload Profiling: 2608ms
	BeginReloadAssembly (392ms)
		ExecutionOrderSort (0ms)
		DisableScriptedObjects (29ms)
		BackupInstance (0ms)
		ReleaseScriptingObjects (0ms)
		CreateAndSetChildDomain (72ms)
	RebuildCommonClasses (85ms)
	RebuildNativeTypeToScriptingClass (28ms)
	initialDomainReloadingComplete (60ms)
	LoadAllAssembliesAndSetupDomain (765ms)
		LoadAssemblies (665ms)
		RebuildTransferFunctionScriptingTraits (0ms)
		AnalyzeDomain (333ms)
			TypeCache.Refresh (10ms)
				TypeCache.ScanAssembly (0ms)
			BuildScriptInfoCaches (304ms)
			ResolveRequiredComponents (14ms)
	FinalizeReload (1277ms)
		ReleaseScriptCaches (0ms)
		RebuildScriptCaches (0ms)
		SetupLoadedEditorAssemblies (998ms)
			LogAssemblyErrors (0ms)
			InitializePlatformSupportModulesInManaged (24ms)
			SetLoadedEditorAssemblies (11ms)
			BeforeProcessingInitializeOnLoad (231ms)
			ProcessInitializeOnLoadAttributes (634ms)
			ProcessInitializeOnLoadMethodAttributes (92ms)
			AfterProcessingInitializeOnLoad (5ms)
			EditorAssembliesLoaded (0ms)
		ExecutionOrderSort2 (0ms)
		AwakeInstancesAfterBackupRestoration (16ms)
Refreshing native plugins compatible for Editor in 7.99 ms, found 4 plugins.
Preloading 0 native plugins for Editor in 0.00 ms.
Unloading 0 Unused Serialized files (Serialized files now loaded: 0)
Unloading 4356 unused Assets / (479.6 KB). Loaded Objects now: 4980.
Memory consumption went from 95.7 MB to 95.2 MB.
Total: 16.685100 ms (FindLiveObjects: 1.252200 ms CreateObjectMapping: 0.845200 ms MarkObjects: 12.291300 ms  DeleteObjects: 2.294000 ms)

Prepare: number of updated asset objects reloaded= 0
========================================================================
Received Import Request.
  Time since last request: 127.138508 seconds.
  path: Assets/Prefabs/Middle water.prefab
  artifactKey: Guid(4e6621cdaf516794b9820f7829e03029) Importer(815301076,1909f56bfc062723c751e8b465ee728b)
Start importing Assets/Prefabs/Middle water.prefab using Guid(4e6621cdaf516794b9820f7829e03029) Importer(815301076,1909f56bfc062723c751e8b465ee728b) (PreviewImporter) -> (artifact id: 'ef244d34aad8046684d0c04e2d9765f8') in 0.1348229 seconds
Number of updated asset objects reloaded before import = 0Number of asset objects unloaded after import = 16

========================================================================
Received Import Request.
  Time since last request: 5.506086 seconds.
  path: Assets/Prefabs/Middle water.prefab
  artifactKey: Guid(4e6621cdaf516794b9820f7829e03029) Importer(815301076,1909f56bfc062723c751e8b465ee728b)
Start importing Assets/Prefabs/Middle water.prefab using Guid(4e6621cdaf516794b9820f7829e03029) Importer(815301076,1909f56bfc062723c751e8b465ee728b) (PreviewImporter) -> (artifact id: '61140eefa713b489b504545e4fc182cf') in 0.0096482 seconds
Number of updated asset objects reloaded before import = 0Number of asset objects unloaded after import = 16

========================================================================
Received Import Request.
  Time since last request: 1.354708 seconds.
  path: Assets/Prefabs/Middle water.prefab
  artifactKey: Guid(4e6621cdaf516794b9820f7829e03029) Importer(815301076,1909f56bfc062723c751e8b465ee728b)
Start importing Assets/Prefabs/Middle water.prefab using Guid(4e6621cdaf516794b9820f7829e03029) Importer(815301076,1909f56bfc062723c751e8b465ee728b) (PreviewImporter) -> (artifact id: 'cfa8588101847736e2db531a5e414331') in 0.0096995 seconds
Number of updated asset objects reloaded before import = 0Number of asset objects unloaded after import = 16

========================================================================
Received Import Request.
  Time since last request: 2.173892 seconds.
  path: Assets/Prefabs/Middle water.prefab
  artifactKey: Guid(4e6621cdaf516794b9820f7829e03029) Importer(815301076,1909f56bfc062723c751e8b465ee728b)
Start importing Assets/Prefabs/Middle water.prefab using Guid(4e6621cdaf516794b9820f7829e03029) Importer(815301076,1909f56bfc062723c751e8b465ee728b) (PreviewImporter) -> (artifact id: 'fe83bda0d3f8438da530a88855118696') in 0.0094049 seconds
Number of updated asset objects reloaded before import = 0Number of asset objects unloaded after import = 16

========================================================================
Received Import Request.
  Time since last request: 1.505709 seconds.
  path: Assets/Prefabs/Middle water.prefab
  artifactKey: Guid(4e6621cdaf516794b9820f7829e03029) Importer(815301076,1909f56bfc062723c751e8b465ee728b)
Start importing Assets/Prefabs/Middle water.prefab using Guid(4e6621cdaf516794b9820f7829e03029) Importer(815301076,1909f56bfc062723c751e8b465ee728b) (PreviewImporter) -> (artifact id: 'b6497971c53776d1631454a5e1de4d54') in 0.0115033 seconds
Number of updated asset objects reloaded before import = 0Number of asset objects unloaded after import = 16

========================================================================
Received Prepare
Begin MonoManager ReloadAssembly
- Loaded All Assemblies, in  1.422 seconds
Refreshing native plugins compatible for Editor in 3.70 ms, found 4 plugins.
Native extension for Android target not found
Native extension for UWP target not found
Native extension for WindowsStandalone target not found
Mono: successfully reloaded assembly
- Finished resetting the current domain, in  1.257 seconds
Domain Reload Profiling: 2680ms
	BeginReloadAssembly (426ms)
		ExecutionOrderSort (0ms)
		DisableScriptedObjects (30ms)
		BackupInstance (0ms)
		ReleaseScriptingObjects (0ms)
		CreateAndSetChildDomain (94ms)
	RebuildCommonClasses (82ms)
	RebuildNativeTypeToScriptingClass (36ms)
	initialDomainReloadingComplete (52ms)
	LoadAllAssembliesAndSetupDomain (825ms)
		LoadAssemblies (718ms)
		RebuildTransferFunctionScriptingTraits (0ms)
		AnalyzeDomain (348ms)
			TypeCache.Refresh (10ms)
				TypeCache.ScanAssembly (0ms)
			BuildScriptInfoCaches (321ms)
			ResolveRequiredComponents (12ms)
	FinalizeReload (1258ms)
		ReleaseScriptCaches (0ms)
		RebuildScriptCaches (0ms)
		SetupLoadedEditorAssemblies (964ms)
			LogAssemblyErrors (0ms)
			InitializePlatformSupportModulesInManaged (22ms)
			SetLoadedEditorAssemblies (10ms)
			BeforeProcessingInitializeOnLoad (205ms)
			ProcessInitializeOnLoadAttributes (636ms)
			ProcessInitializeOnLoadMethodAttributes (85ms)
			AfterProcessingInitializeOnLoad (5ms)
			EditorAssembliesLoaded (0ms)
		ExecutionOrderSort2 (0ms)
		AwakeInstancesAfterBackupRestoration (17ms)
Refreshing native plugins compatible for Editor in 5.16 ms, found 4 plugins.
Preloading 0 native plugins for Editor in 0.00 ms.
Unloading 0 Unused Serialized files (Serialized files now loaded: 0)
Unloading 4356 unused Assets / (0.6 MB). Loaded Objects now: 4982.
Memory consumption went from 95.7 MB to 95.2 MB.
Total: 18.111800 ms (FindLiveObjects: 1.994600 ms CreateObjectMapping: 0.706600 ms MarkObjects: 13.461700 ms  DeleteObjects: 1.946100 ms)

Prepare: number of updated asset objects reloaded= 0
========================================================================
Received Prepare
Refreshing native plugins compatible for Editor in 5.43 ms, found 4 plugins.
Preloading 0 native plugins for Editor in 0.00 ms.
Unloading 0 Unused Serialized files (Serialized files now loaded: 0)
Unloading 4346 unused Assets / (0.7 MB). Loaded Objects now: 4982.
Memory consumption went from 95.9 MB to 95.2 MB.
Total: 16.330100 ms (FindLiveObjects: 0.899800 ms CreateObjectMapping: 0.505600 ms MarkObjects: 11.975100 ms  DeleteObjects: 2.947300 ms)

Prepare: number of updated asset objects reloaded= 0
========================================================================
Received Prepare
Begin MonoManager ReloadAssembly
- Loaded All Assemblies, in  1.303 seconds
Refreshing native plugins compatible for Editor in 3.82 ms, found 4 plugins.
Native extension for Android target not found
Native extension for UWP target not found
Native extension for WindowsStandalone target not found
Mono: successfully reloaded assembly
- Finished resetting the current domain, in  1.161 seconds
Domain Reload Profiling: 2464ms
	BeginReloadAssembly (370ms)
		ExecutionOrderSort (0ms)
		DisableScriptedObjects (30ms)
		BackupInstance (0ms)
		ReleaseScriptingObjects (0ms)
		CreateAndSetChildDomain (71ms)
	RebuildCommonClasses (80ms)
	RebuildNativeTypeToScriptingClass (31ms)
	initialDomainReloadingComplete (53ms)
	LoadAllAssembliesAndSetupDomain (769ms)
		LoadAssemblies (642ms)
		RebuildTransferFunctionScriptingTraits (0ms)
		AnalyzeDomain (341ms)
			TypeCache.Refresh (15ms)
				TypeCache.ScanAssembly (3ms)
			BuildScriptInfoCaches (307ms)
			ResolveRequiredComponents (14ms)
	FinalizeReload (1162ms)
		ReleaseScriptCaches (0ms)
		RebuildScriptCaches (0ms)
		SetupLoadedEditorAssemblies (925ms)
			LogAssemblyErrors (0ms)
			InitializePlatformSupportModulesInManaged (20ms)
			SetLoadedEditorAssemblies (9ms)
			BeforeProcessingInitializeOnLoad (194ms)
			ProcessInitializeOnLoadAttributes (605ms)
			ProcessInitializeOnLoadMethodAttributes (90ms)
			AfterProcessingInitializeOnLoad (6ms)
			EditorAssembliesLoaded (0ms)
		ExecutionOrderSort2 (0ms)
		AwakeInstancesAfterBackupRestoration (15ms)
Refreshing native plugins compatible for Editor in 5.92 ms, found 4 plugins.
Preloading 0 native plugins for Editor in 0.00 ms.
Unloading 0 Unused Serialized files (Serialized files now loaded: 0)
Unloading 4356 unused Assets / (1.1 MB). Loaded Objects now: 4984.
Memory consumption went from 95.7 MB to 94.6 MB.
Total: 15.431200 ms (FindLiveObjects: 0.921700 ms CreateObjectMapping: 0.554400 ms MarkObjects: 11.739800 ms  DeleteObjects: 2.213100 ms)

Prepare: number of updated asset objects reloaded= 0
========================================================================
Received Prepare
Begin MonoManager ReloadAssembly
- Loaded All Assemblies, in  1.376 seconds
Refreshing native plugins compatible for Editor in 4.60 ms, found 4 plugins.
Native extension for Android target not found
Native extension for UWP target not found
Native extension for WindowsStandalone target not found
Mono: successfully reloaded assembly
- Finished resetting the current domain, in  1.275 seconds
Domain Reload Profiling: 2651ms
	BeginReloadAssembly (395ms)
		ExecutionOrderSort (0ms)
		DisableScriptedObjects (29ms)
		BackupInstance (0ms)
		ReleaseScriptingObjects (0ms)
		CreateAndSetChildDomain (72ms)
	RebuildCommonClasses (84ms)
	RebuildNativeTypeToScriptingClass (32ms)
	initialDomainReloadingComplete (54ms)
	LoadAllAssembliesAndSetupDomain (811ms)
		LoadAssemblies (709ms)
		RebuildTransferFunctionScriptingTraits (0ms)
		AnalyzeDomain (337ms)
			TypeCache.Refresh (11ms)
				TypeCache.ScanAssembly (0ms)
			BuildScriptInfoCaches (311ms)
			ResolveRequiredComponents (11ms)
	FinalizeReload (1276ms)
		ReleaseScriptCaches (0ms)
		RebuildScriptCaches (0ms)
		SetupLoadedEditorAssemblies (975ms)
			LogAssemblyErrors (0ms)
			InitializePlatformSupportModulesInManaged (28ms)
			SetLoadedEditorAssemblies (11ms)
			BeforeProcessingInitializeOnLoad (233ms)
			ProcessInitializeOnLoadAttributes (617ms)
			ProcessInitializeOnLoadMethodAttributes (82ms)
			AfterProcessingInitializeOnLoad (4ms)
			EditorAssembliesLoaded (0ms)
		ExecutionOrderSort2 (0ms)
		AwakeInstancesAfterBackupRestoration (16ms)
Refreshing native plugins compatible for Editor in 6.56 ms, found 4 plugins.
Preloading 0 native plugins for Editor in 0.00 ms.
Unloading 0 Unused Serialized files (Serialized files now loaded: 0)
Unloading 4356 unused Assets / (298.4 KB). Loaded Objects now: 4986.
Memory consumption went from 95.7 MB to 95.4 MB.
Total: 21.586400 ms (FindLiveObjects: 1.564000 ms CreateObjectMapping: 0.528500 ms MarkObjects: 17.305500 ms  DeleteObjects: 2.186000 ms)

Prepare: number of updated asset objects reloaded= 0
========================================================================
Received Prepare
Begin MonoManager ReloadAssembly
- Loaded All Assemblies, in  1.265 seconds
Refreshing native plugins compatible for Editor in 5.22 ms, found 4 plugins.
Native extension for Android target not found
Native extension for UWP target not found
Native extension for WindowsStandalone target not found
Mono: successfully reloaded assembly
- Finished resetting the current domain, in  1.215 seconds
Domain Reload Profiling: 2480ms
	BeginReloadAssembly (399ms)
		ExecutionOrderSort (0ms)
		DisableScriptedObjects (30ms)
		BackupInstance (0ms)
		ReleaseScriptingObjects (0ms)
		CreateAndSetChildDomain (79ms)
	RebuildCommonClasses (77ms)
	RebuildNativeTypeToScriptingClass (33ms)
	initialDomainReloadingComplete (51ms)
	LoadAllAssembliesAndSetupDomain (704ms)
		LoadAssemblies (644ms)
		RebuildTransferFunctionScriptingTraits (0ms)
		AnalyzeDomain (294ms)
			TypeCache.Refresh (13ms)
				TypeCache.ScanAssembly (2ms)
			BuildScriptInfoCaches (266ms)
			ResolveRequiredComponents (11ms)
	FinalizeReload (1215ms)
		ReleaseScriptCaches (0ms)
		RebuildScriptCaches (0ms)
		SetupLoadedEditorAssemblies (929ms)
			LogAssemblyErrors (0ms)
			InitializePlatformSupportModulesInManaged (32ms)
			SetLoadedEditorAssemblies (10ms)
			BeforeProcessingInitializeOnLoad (276ms)
			ProcessInitializeOnLoadAttributes (537ms)
			ProcessInitializeOnLoadMethodAttributes (70ms)
			AfterProcessingInitializeOnLoad (4ms)
			EditorAssembliesLoaded (0ms)
		ExecutionOrderSort2 (0ms)
		AwakeInstancesAfterBackupRestoration (14ms)
Refreshing native plugins compatible for Editor in 5.02 ms, found 4 plugins.
Preloading 0 native plugins for Editor in 0.00 ms.
Unloading 0 Unused Serialized files (Serialized files now loaded: 0)
Unloading 4356 unused Assets / (0.9 MB). Loaded Objects now: 4988.
Memory consumption went from 95.7 MB to 94.8 MB.
Total: 14.280500 ms (FindLiveObjects: 0.898300 ms CreateObjectMapping: 0.642300 ms MarkObjects: 10.455100 ms  DeleteObjects: 2.281900 ms)

Prepare: number of updated asset objects reloaded= 0
========================================================================
Received Prepare
Begin MonoManager ReloadAssembly
- Loaded All Assemblies, in  1.355 seconds
Refreshing native plugins compatible for Editor in 4.10 ms, found 4 plugins.
Native extension for Android target not found
Native extension for UWP target not found
Native extension for WindowsStandalone target not found
Mono: successfully reloaded assembly
- Finished resetting the current domain, in  1.255 seconds
Domain Reload Profiling: 2609ms
	BeginReloadAssembly (362ms)
		ExecutionOrderSort (0ms)
		DisableScriptedObjects (28ms)
		BackupInstance (0ms)
		ReleaseScriptingObjects (0ms)
		CreateAndSetChildDomain (62ms)
	RebuildCommonClasses (78ms)
	RebuildNativeTypeToScriptingClass (35ms)
	initialDomainReloadingComplete (58ms)
	LoadAllAssembliesAndSetupDomain (819ms)
		LoadAssemblies (735ms)
		RebuildTransferFunctionScriptingTraits (0ms)
		AnalyzeDomain (302ms)
			TypeCache.Refresh (10ms)
				TypeCache.ScanAssembly (0ms)
			BuildScriptInfoCaches (277ms)
			ResolveRequiredComponents (11ms)
	FinalizeReload (1256ms)
		ReleaseScriptCaches (0ms)
		RebuildScriptCaches (0ms)
		SetupLoadedEditorAssemblies (976ms)
			LogAssemblyErrors (0ms)
			InitializePlatformSupportModulesInManaged (24ms)
			SetLoadedEditorAssemblies (12ms)
			BeforeProcessingInitializeOnLoad (195ms)
			ProcessInitializeOnLoadAttributes (645ms)
			ProcessInitializeOnLoadMethodAttributes (97ms)
			AfterProcessingInitializeOnLoad (5ms)
			EditorAssembliesLoaded (0ms)
		ExecutionOrderSort2 (0ms)
		AwakeInstancesAfterBackupRestoration (21ms)
Refreshing native plugins compatible for Editor in 5.12 ms, found 4 plugins.
Preloading 0 native plugins for Editor in 0.00 ms.
Unloading 0 Unused Serialized files (Serialized files now loaded: 0)
Unloading 4356 unused Assets / (0.9 MB). Loaded Objects now: 4990.
Memory consumption went from 95.7 MB to 94.8 MB.
Total: 13.856900 ms (FindLiveObjects: 0.898100 ms CreateObjectMapping: 0.581700 ms MarkObjects: 10.190900 ms  DeleteObjects: 2.183800 ms)

Prepare: number of updated asset objects reloaded= 0
========================================================================
Received Prepare
Begin MonoManager ReloadAssembly
- Loaded All Assemblies, in  1.334 seconds
Refreshing native plugins compatible for Editor in 4.72 ms, found 4 plugins.
Native extension for Android target not found
Native extension for UWP target not found
Native extension for WindowsStandalone target not found
Mono: successfully reloaded assembly
- Finished resetting the current domain, in  1.264 seconds
Domain Reload Profiling: 2598ms
	BeginReloadAssembly (376ms)
		ExecutionOrderSort (0ms)
		DisableScriptedObjects (29ms)
		BackupInstance (0ms)
		ReleaseScriptingObjects (0ms)
		CreateAndSetChildDomain (65ms)
	RebuildCommonClasses (87ms)
	RebuildNativeTypeToScriptingClass (32ms)
	initialDomainReloadingComplete (54ms)
	LoadAllAssembliesAndSetupDomain (783ms)
		LoadAssemblies (666ms)
		RebuildTransferFunctionScriptingTraits (0ms)
		AnalyzeDomain (340ms)
			TypeCache.Refresh (13ms)
				TypeCache.ScanAssembly (0ms)
			BuildScriptInfoCaches (307ms)
			ResolveRequiredComponents (14ms)
	FinalizeReload (1265ms)
		ReleaseScriptCaches (0ms)
		RebuildScriptCaches (0ms)
		SetupLoadedEditorAssemblies (981ms)
			LogAssemblyErrors (0ms)
			InitializePlatformSupportModulesInManaged (23ms)
			SetLoadedEditorAssemblies (23ms)
			BeforeProcessingInitializeOnLoad (251ms)
			ProcessInitializeOnLoadAttributes (602ms)
			ProcessInitializeOnLoadMethodAttributes (77ms)
			AfterProcessingInitializeOnLoad (4ms)
			EditorAssembliesLoaded (0ms)
		ExecutionOrderSort2 (0ms)
		AwakeInstancesAfterBackupRestoration (13ms)
Refreshing native plugins compatible for Editor in 5.45 ms, found 4 plugins.
Preloading 0 native plugins for Editor in 0.00 ms.
Unloading 0 Unused Serialized files (Serialized files now loaded: 0)
Unloading 4356 unused Assets / (132.0 KB). Loaded Objects now: 4992.
Memory consumption went from 95.7 MB to 95.6 MB.
Total: 20.798800 ms (FindLiveObjects: 0.961200 ms CreateObjectMapping: 0.555200 ms MarkObjects: 16.629300 ms  DeleteObjects: 2.650200 ms)

Prepare: number of updated asset objects reloaded= 0
========================================================================
Received Prepare
Refreshing native plugins compatible for Editor in 5.80 ms, found 4 plugins.
Preloading 0 native plugins for Editor in 0.00 ms.
Unloading 0 Unused Serialized files (Serialized files now loaded: 0)
Unloading 4346 unused Assets / (0.5 MB). Loaded Objects now: 4992.
Memory consumption went from 95.9 MB to 95.4 MB.
Total: 16.903000 ms (FindLiveObjects: 0.959100 ms CreateObjectMapping: 0.529500 ms MarkObjects: 12.667100 ms  DeleteObjects: 2.744100 ms)

Prepare: number of updated asset objects reloaded= 0
========================================================================
Received Prepare
Begin MonoManager ReloadAssembly
- Loaded All Assemblies, in  1.310 seconds
Refreshing native plugins compatible for Editor in 3.90 ms, found 4 plugins.
Native extension for Android target not found
Native extension for UWP target not found
Native extension for WindowsStandalone target not found
Mono: successfully reloaded assembly
- Finished resetting the current domain, in  1.289 seconds
Domain Reload Profiling: 2599ms
	BeginReloadAssembly (354ms)
		ExecutionOrderSort (0ms)
		DisableScriptedObjects (28ms)
		BackupInstance (0ms)
		ReleaseScriptingObjects (0ms)
		CreateAndSetChildDomain (63ms)
	RebuildCommonClasses (85ms)
	RebuildNativeTypeToScriptingClass (37ms)
	initialDomainReloadingComplete (55ms)
	LoadAllAssembliesAndSetupDomain (778ms)
		LoadAssemblies (643ms)
		RebuildTransferFunctionScriptingTraits (0ms)
		AnalyzeDomain (344ms)
			TypeCache.Refresh (15ms)
				TypeCache.ScanAssembly (2ms)
			BuildScriptInfoCaches (309ms)
			ResolveRequiredComponents (14ms)
	FinalizeReload (1290ms)
		ReleaseScriptCaches (0ms)
		RebuildScriptCaches (0ms)
		SetupLoadedEditorAssemblies (1001ms)
			LogAssemblyErrors (0ms)
			InitializePlatformSupportModulesInManaged (26ms)
			SetLoadedEditorAssemblies (11ms)
			BeforeProcessingInitializeOnLoad (248ms)
			ProcessInitializeOnLoadAttributes (636ms)
			ProcessInitializeOnLoadMethodAttributes (75ms)
			AfterProcessingInitializeOnLoad (4ms)
			EditorAssembliesLoaded (0ms)
		ExecutionOrderSort2 (0ms)
		AwakeInstancesAfterBackupRestoration (13ms)
Refreshing native plugins compatible for Editor in 5.96 ms, found 4 plugins.
Preloading 0 native plugins for Editor in 0.00 ms.
Unloading 0 Unused Serialized files (Serialized files now loaded: 0)
Unloading 4356 unused Assets / (279.0 KB). Loaded Objects now: 4994.
Memory consumption went from 95.7 MB to 95.5 MB.
Total: 28.269200 ms (FindLiveObjects: 1.002900 ms CreateObjectMapping: 0.471400 ms MarkObjects: 24.554800 ms  DeleteObjects: 2.237800 ms)

Prepare: number of updated asset objects reloaded= 0
========================================================================
Received Prepare
Begin MonoManager ReloadAssembly
- Loaded All Assemblies, in  1.307 seconds
Refreshing native plugins compatible for Editor in 4.40 ms, found 4 plugins.
Native extension for Android target not found
Native extension for UWP target not found
Native extension for WindowsStandalone target not found
Mono: successfully reloaded assembly
- Finished resetting the current domain, in  1.266 seconds
Domain Reload Profiling: 2574ms
	BeginReloadAssembly (365ms)
		ExecutionOrderSort (0ms)
		DisableScriptedObjects (32ms)
		BackupInstance (0ms)
		ReleaseScriptingObjects (0ms)
		CreateAndSetChildDomain (65ms)
	RebuildCommonClasses (78ms)
	RebuildNativeTypeToScriptingClass (32ms)
	initialDomainReloadingComplete (56ms)
	LoadAllAssembliesAndSetupDomain (777ms)
		LoadAssemblies (647ms)
		RebuildTransferFunctionScriptingTraits (0ms)
		AnalyzeDomain (337ms)
			TypeCache.Refresh (10ms)
				TypeCache.ScanAssembly (0ms)
			BuildScriptInfoCaches (307ms)
			ResolveRequiredComponents (14ms)
	FinalizeReload (1267ms)
		ReleaseScriptCaches (0ms)
		RebuildScriptCaches (0ms)
		SetupLoadedEditorAssemblies (984ms)
			LogAssemblyErrors (0ms)
			InitializePlatformSupportModulesInManaged (25ms)
			SetLoadedEditorAssemblies (9ms)
			BeforeProcessingInitializeOnLoad (216ms)
			ProcessInitializeOnLoadAttributes (631ms)
			ProcessInitializeOnLoadMethodAttributes (96ms)
			AfterProcessingInitializeOnLoad (5ms)
			EditorAssembliesLoaded (0ms)
		ExecutionOrderSort2 (0ms)
		AwakeInstancesAfterBackupRestoration (17ms)
Refreshing native plugins compatible for Editor in 5.25 ms, found 4 plugins.
Preloading 0 native plugins for Editor in 0.00 ms.
Unloading 0 Unused Serialized files (Serialized files now loaded: 0)
Unloading 4356 unused Assets / (192.9 KB). Loaded Objects now: 4996.
Memory consumption went from 95.7 MB to 95.5 MB.
Total: 13.597000 ms (FindLiveObjects: 0.914500 ms CreateObjectMapping: 0.604300 ms MarkObjects: 10.088000 ms  DeleteObjects: 1.988000 ms)

Prepare: number of updated asset objects reloaded= 0
========================================================================
Received Prepare
Refreshing native plugins compatible for Editor in 4.61 ms, found 4 plugins.
Preloading 0 native plugins for Editor in 0.00 ms.
Unloading 0 Unused Serialized files (Serialized files now loaded: 0)
Unloading 4346 unused Assets / (1.1 MB). Loaded Objects now: 4996.
Memory consumption went from 95.9 MB to 94.8 MB.
Total: 13.897200 ms (FindLiveObjects: 1.056700 ms CreateObjectMapping: 0.493700 ms MarkObjects: 10.137900 ms  DeleteObjects: 2.206500 ms)

Prepare: number of updated asset objects reloaded= 0
========================================================================
Received Prepare
Begin MonoManager ReloadAssembly
- Loaded All Assemblies, in  1.273 seconds
Refreshing native plugins compatible for Editor in 4.30 ms, found 4 plugins.
Native extension for Android target not found
Native extension for UWP target not found
Native extension for WindowsStandalone target not found
Mono: successfully reloaded assembly
- Finished resetting the current domain, in  1.207 seconds
Domain Reload Profiling: 2481ms
	BeginReloadAssembly (363ms)
		ExecutionOrderSort (0ms)
		DisableScriptedObjects (29ms)
		BackupInstance (0ms)
		ReleaseScriptingObjects (0ms)
		CreateAndSetChildDomain (65ms)
	RebuildCommonClasses (84ms)
	RebuildNativeTypeToScriptingClass (27ms)
	initialDomainReloadingComplete (58ms)
	LoadAllAssembliesAndSetupDomain (741ms)
		LoadAssemblies (646ms)
		RebuildTransferFunctionScriptingTraits (0ms)
		AnalyzeDomain (307ms)
			TypeCache.Refresh (15ms)
				TypeCache.ScanAssembly (2ms)
			BuildScriptInfoCaches (275ms)
			ResolveRequiredComponents (12ms)
	FinalizeReload (1208ms)
		ReleaseScriptCaches (0ms)
		RebuildScriptCaches (0ms)
		SetupLoadedEditorAssemblies (922ms)
			LogAssemblyErrors (0ms)
			InitializePlatformSupportModulesInManaged (25ms)
			SetLoadedEditorAssemblies (10ms)
			BeforeProcessingInitializeOnLoad (205ms)
			ProcessInitializeOnLoadAttributes (601ms)
			ProcessInitializeOnLoadMethodAttributes (76ms)
			AfterProcessingInitializeOnLoad (5ms)
			EditorAssembliesLoaded (0ms)
		ExecutionOrderSort2 (0ms)
		AwakeInstancesAfterBackupRestoration (14ms)
Refreshing native plugins compatible for Editor in 6.69 ms, found 4 plugins.
Preloading 0 native plugins for Editor in 0.00 ms.
Unloading 0 Unused Serialized files (Serialized files now loaded: 0)
Unloading 4356 unused Assets / (0.8 MB). Loaded Objects now: 4998.
Memory consumption went from 95.7 MB to 94.9 MB.
Total: 15.732800 ms (FindLiveObjects: 1.251200 ms CreateObjectMapping: 1.195600 ms MarkObjects: 11.129700 ms  DeleteObjects: 2.153600 ms)

Prepare: number of updated asset objects reloaded= 0
